{
"meta":{"test_sets":[],"test_metrics":[],"learn_metrics":[{"best_value":"Min","name":"Logloss"}],"launch_mode":"Train","parameters":"","iteration_count":1000,"learn_sets":["learn"],"name":"experiment"},
"iterations":[
{"learn":[0.6737355339],"iteration":0,"passed_time":0.172844957,"remaining_time":172.6721121},
{"learn":[0.6570195998],"iteration":1,"passed_time":0.1802261975,"remaining_time":89.93287253},
{"learn":[0.6395782058],"iteration":2,"passed_time":0.187263654,"remaining_time":62.23395435},
{"learn":[0.6232212161],"iteration":3,"passed_time":0.1945330353,"remaining_time":48.43872579},
{"learn":[0.6086046255],"iteration":4,"passed_time":0.2018425701,"remaining_time":40.16667146},
{"learn":[0.5958519779],"iteration":5,"passed_time":0.2095135676,"remaining_time":34.70941437},
{"learn":[0.5831290222],"iteration":6,"passed_time":0.2143216482,"remaining_time":30.40305666},
{"learn":[0.5714085361],"iteration":7,"passed_time":0.2181907915,"remaining_time":27.05565814},
{"learn":[0.5591752076],"iteration":8,"passed_time":0.2215630332,"remaining_time":24.39655177},
{"learn":[0.5481023935],"iteration":9,"passed_time":0.2243784987,"remaining_time":22.21347137},
{"learn":[0.5371140319],"iteration":10,"passed_time":0.2272215081,"remaining_time":20.42927922},
{"learn":[0.5259063046],"iteration":11,"passed_time":0.2296023157,"remaining_time":18.90392399},
{"learn":[0.5163496278],"iteration":12,"passed_time":0.2318428997,"remaining_time":17.60222631},
{"learn":[0.5070756305],"iteration":13,"passed_time":0.2341317885,"remaining_time":16.48956739},
{"learn":[0.4978231931],"iteration":14,"passed_time":0.236331644,"remaining_time":15.51911129},
{"learn":[0.4902080049],"iteration":15,"passed_time":0.2382677162,"remaining_time":14.65346455},
{"learn":[0.481656102],"iteration":16,"passed_time":0.2402238347,"remaining_time":13.89058997},
{"learn":[0.4731702579],"iteration":17,"passed_time":0.2430993131,"remaining_time":13.26241808},
{"learn":[0.4664678147],"iteration":18,"passed_time":0.2448616327,"remaining_time":12.64259272},
{"learn":[0.4592075481],"iteration":19,"passed_time":0.2466054175,"remaining_time":12.08366546},
{"learn":[0.4530055843],"iteration":20,"passed_time":0.2481910316,"remaining_time":11.57042952},
{"learn":[0.4459483018],"iteration":21,"passed_time":0.2499897271,"remaining_time":11.11317969},
{"learn":[0.4406433462],"iteration":22,"passed_time":0.2516999005,"remaining_time":10.69177403},
{"learn":[0.4354495286],"iteration":23,"passed_time":0.2535200837,"remaining_time":10.30981674},
{"learn":[0.4302717405],"iteration":24,"passed_time":0.2554464985,"remaining_time":9.962413443},
{"learn":[0.424485376],"iteration":25,"passed_time":0.257424999,"remaining_time":9.643536503},
{"learn":[0.420147885],"iteration":26,"passed_time":0.2594077254,"remaining_time":9.348285806},
{"learn":[0.4158012398],"iteration":27,"passed_time":0.261326636,"remaining_time":9.071767507},
{"learn":[0.411831381],"iteration":28,"passed_time":0.2632485449,"remaining_time":8.814287487},
{"learn":[0.4079343372],"iteration":29,"passed_time":0.2649219865,"remaining_time":8.565810897},
{"learn":[0.4037532126],"iteration":30,"passed_time":0.2666305992,"remaining_time":8.334356472},
{"learn":[0.3998634737],"iteration":31,"passed_time":0.2683175809,"remaining_time":8.116606821},
{"learn":[0.3963316806],"iteration":32,"passed_time":0.2702901075,"remaining_time":7.920319212},
{"learn":[0.3932347499],"iteration":33,"passed_time":0.2723606093,"remaining_time":7.738245545},
{"learn":[0.390214522],"iteration":34,"passed_time":0.2744793891,"remaining_time":7.567788872},
{"learn":[0.3869532097],"iteration":35,"passed_time":0.276433672,"remaining_time":7.40227944},
{"learn":[0.383589708],"iteration":36,"passed_time":0.2784999602,"remaining_time":7.248525992},
{"learn":[0.3806388388],"iteration":37,"passed_time":0.2800872765,"remaining_time":7.090630527},
{"learn":[0.378088833],"iteration":38,"passed_time":0.281941585,"remaining_time":6.947329826},
{"learn":[0.3755375452],"iteration":39,"passed_time":0.2837892557,"remaining_time":6.810942138},
{"learn":[0.372852585],"iteration":40,"passed_time":0.2856364135,"remaining_time":6.681105379},
{"learn":[0.3701490247],"iteration":41,"passed_time":0.2877417177,"remaining_time":6.563251561},
{"learn":[0.3676800303],"iteration":42,"passed_time":0.289745706,"remaining_time":6.448526526},
{"learn":[0.3652192191],"iteration":43,"passed_time":0.2916486717,"remaining_time":6.33673023},
{"learn":[0.3631298643],"iteration":44,"passed_time":0.2935625592,"remaining_time":6.230049867},
{"learn":[0.3606816534],"iteration":45,"passed_time":0.2954946568,"remaining_time":6.128302231},
{"learn":[0.3587461947],"iteration":46,"passed_time":0.2975477457,"remaining_time":6.033255355},
{"learn":[0.3572270001],"iteration":47,"passed_time":0.2995447158,"remaining_time":5.940970196},
{"learn":[0.3545882542],"iteration":48,"passed_time":0.3014600025,"remaining_time":5.850784947},
{"learn":[0.3524452461],"iteration":49,"passed_time":0.3033270234,"remaining_time":5.763213445},
{"learn":[0.3508995713],"iteration":50,"passed_time":0.3048452359,"remaining_time":5.67251233},
{"learn":[0.3488946581],"iteration":51,"passed_time":0.306650015,"remaining_time":5.590465658},
{"learn":[0.34663846],"iteration":52,"passed_time":0.3084823091,"remaining_time":5.511938618},
{"learn":[0.3450090434],"iteration":53,"passed_time":0.3105426779,"remaining_time":5.440247654},
{"learn":[0.3432740619],"iteration":54,"passed_time":0.3125515569,"remaining_time":5.370204022},
{"learn":[0.3419107966],"iteration":55,"passed_time":0.3144734024,"remaining_time":5.301123069},
{"learn":[0.3405041988],"iteration":56,"passed_time":0.3162969757,"remaining_time":5.232772773},
{"learn":[0.3391029919],"iteration":57,"passed_time":0.3180831992,"remaining_time":5.16610989},
{"learn":[0.3376345234],"iteration":58,"passed_time":0.3199151493,"remaining_time":5.102375516},
{"learn":[0.3362387614],"iteration":59,"passed_time":0.3217692098,"remaining_time":5.041050953},
{"learn":[0.3345084869],"iteration":60,"passed_time":0.3237016723,"remaining_time":4.98288312},
{"learn":[0.3332554568],"iteration":61,"passed_time":0.3256855031,"remaining_time":4.927306482},
{"learn":[0.3322080594],"iteration":62,"passed_time":0.3275761544,"remaining_time":4.872045344},
{"learn":[0.330922446],"iteration":63,"passed_time":0.3293904063,"remaining_time":4.817334692},
{"learn":[0.3294903005],"iteration":64,"passed_time":0.3310747318,"remaining_time":4.762382681},
{"learn":[0.3282849467],"iteration":65,"passed_time":0.3328765572,"remaining_time":4.710707642},
{"learn":[0.3267892774],"iteration":66,"passed_time":0.3346560099,"remaining_time":4.66020981},
{"learn":[0.3258566082],"iteration":67,"passed_time":0.3364877395,"remaining_time":4.611861371},
{"learn":[0.3243632181],"iteration":68,"passed_time":0.3383412748,"remaining_time":4.565155461},
{"learn":[0.3235875671],"iteration":69,"passed_time":0.3401817493,"remaining_time":4.519557527},
{"learn":[0.3227321492],"iteration":70,"passed_time":0.341965002,"remaining_time":4.474443477},
{"learn":[0.3218965803],"iteration":71,"passed_time":0.3437195675,"remaining_time":4.430163315},
{"learn":[0.3206340742],"iteration":72,"passed_time":0.3454374315,"remaining_time":4.386582179},
{"learn":[0.3198781049],"iteration":73,"passed_time":0.3472729923,"remaining_time":4.345605282},
{"learn":[0.3187484924],"iteration":74,"passed_time":0.3490258239,"remaining_time":4.304651828},
{"learn":[0.3175116518],"iteration":75,"passed_time":0.3508491303,"remaining_time":4.265586795},
{"learn":[0.3166873833],"iteration":76,"passed_time":0.3526588508,"remaining_time":4.227326224},
{"learn":[0.3158268696],"iteration":77,"passed_time":0.3544953513,"remaining_time":4.190316845},
{"learn":[0.3151392998],"iteration":78,"passed_time":0.3563250366,"remaining_time":4.154118465},
{"learn":[0.3145036535],"iteration":79,"passed_time":0.3580359113,"remaining_time":4.117412979},
{"learn":[0.3135569807],"iteration":80,"passed_time":0.3597226643,"remaining_time":4.081297883},
{"learn":[0.3125897649],"iteration":81,"passed_time":0.361503514,"remaining_time":4.047075925},
{"learn":[0.3116238629],"iteration":82,"passed_time":0.3632684846,"remaining_time":4.013460245},
{"learn":[0.3107175646],"iteration":83,"passed_time":0.3651059618,"remaining_time":3.981393583},
{"learn":[0.3099423795],"iteration":84,"passed_time":0.3669666473,"remaining_time":3.950288027},
{"learn":[0.309369116],"iteration":85,"passed_time":0.3688439493,"remaining_time":3.920039182},
{"learn":[0.3084177179],"iteration":86,"passed_time":0.3706067051,"remaining_time":3.88924048},
{"learn":[0.3077412966],"iteration":87,"passed_time":0.3722960079,"remaining_time":3.858340446},
{"learn":[0.307595181],"iteration":88,"passed_time":0.3735048543,"remaining_time":3.823178902},
{"learn":[0.3069210686],"iteration":89,"passed_time":0.3752923128,"remaining_time":3.794622274},
{"learn":[0.3063229659],"iteration":90,"passed_time":0.3771510071,"remaining_time":3.767365554},
{"learn":[0.3057408813],"iteration":91,"passed_time":0.3789942973,"remaining_time":3.740508934},
{"learn":[0.3053698765],"iteration":92,"passed_time":0.3806231461,"remaining_time":3.712098855},
{"learn":[0.3047923227],"iteration":93,"passed_time":0.3824166542,"remaining_time":3.685845625},
{"learn":[0.3039808815],"iteration":94,"passed_time":0.3842676739,"remaining_time":3.660655209},
{"learn":[0.3036190572],"iteration":95,"passed_time":0.3862147294,"remaining_time":3.636855368},
{"learn":[0.3031737321],"iteration":96,"passed_time":0.3879973659,"remaining_time":3.611975478},
{"learn":[0.3025444111],"iteration":97,"passed_time":0.3897839803,"remaining_time":3.587603573},
{"learn":[0.3019686737],"iteration":98,"passed_time":0.3919330155,"remaining_time":3.566986333},
{"learn":[0.3017487305],"iteration":99,"passed_time":0.3937353993,"remaining_time":3.543618593},
{"learn":[0.3013862315],"iteration":100,"passed_time":0.3958392001,"remaining_time":3.523360801},
{"learn":[0.3009651251],"iteration":101,"passed_time":0.397935208,"remaining_time":3.50339036},
{"learn":[0.3006666745],"iteration":102,"passed_time":0.3994487564,"remaining_time":3.47869451},
{"learn":[0.2999655969],"iteration":103,"passed_time":0.4011723076,"remaining_time":3.456253727},
{"learn":[0.2993294368],"iteration":104,"passed_time":0.4029474616,"remaining_time":3.434647411},
{"learn":[0.2988585794],"iteration":105,"passed_time":0.4048148337,"remaining_time":3.414193031},
{"learn":[0.2982908848],"iteration":106,"passed_time":0.4066562386,"remaining_time":3.393869356},
{"learn":[0.2977156265],"iteration":107,"passed_time":0.4084677402,"remaining_time":3.373640965},
{"learn":[0.2976252708],"iteration":108,"passed_time":0.409794394,"remaining_time":3.349787202},
{"learn":[0.2968534563],"iteration":109,"passed_time":0.411597585,"remaining_time":3.330198642},
{"learn":[0.2962316195],"iteration":110,"passed_time":0.4133704743,"remaining_time":3.310687853},
{"learn":[0.2958148476],"iteration":111,"passed_time":0.4151389504,"remaining_time":3.291458821},
{"learn":[0.2952895947],"iteration":112,"passed_time":0.4169740237,"remaining_time":3.273061584},
{"learn":[0.2949425433],"iteration":113,"passed_time":0.418825227,"remaining_time":3.255080273},
{"learn":[0.2945592066],"iteration":114,"passed_time":0.4208234657,"remaining_time":3.238511019},
{"learn":[0.2940486554],"iteration":115,"passed_time":0.4227056512,"remaining_time":3.221308583},
{"learn":[0.2933868684],"iteration":116,"passed_time":0.4244655385,"remaining_time":3.203445047},
{"learn":[0.2929721525],"iteration":117,"passed_time":0.4262481561,"remaining_time":3.186024353},
{"learn":[0.2924880652],"iteration":118,"passed_time":0.4280045084,"remaining_time":3.168672033},
{"learn":[0.2921679878],"iteration":119,"passed_time":0.429826028,"remaining_time":3.152057538},
{"learn":[0.2918295257],"iteration":120,"passed_time":0.4316925122,"remaining_time":3.1360142},
{"learn":[0.2914234204],"iteration":121,"passed_time":0.433550085,"remaining_time":3.120139136},
{"learn":[0.2910432148],"iteration":122,"passed_time":0.4358259381,"remaining_time":3.107474372},
{"learn":[0.2906974276],"iteration":123,"passed_time":0.4379667219,"remaining_time":3.094022971},
{"learn":[0.2904593055],"iteration":124,"passed_time":0.4397587537,"remaining_time":3.078311276},
{"learn":[0.2900620845],"iteration":125,"passed_time":0.4415433711,"remaining_time":3.062769098},
{"learn":[0.2894897312],"iteration":126,"passed_time":0.4434451826,"remaining_time":3.048249169},
{"learn":[0.2891589307],"iteration":127,"passed_time":0.4452924175,"remaining_time":3.033554594},
{"learn":[0.2886426051],"iteration":128,"passed_time":0.4471774338,"remaining_time":3.019314301},
{"learn":[0.2877418874],"iteration":129,"passed_time":0.4490974153,"remaining_time":3.005498087},
{"learn":[0.2868720034],"iteration":130,"passed_time":0.4508798427,"remaining_time":2.990951017},
{"learn":[0.2866002651],"iteration":131,"passed_time":0.4526574215,"remaining_time":2.976565469},
{"learn":[0.2860263048],"iteration":132,"passed_time":0.4544066473,"remaining_time":2.962184686},
{"learn":[0.285743195],"iteration":133,"passed_time":0.4561149609,"remaining_time":2.947728031},
{"learn":[0.2854873663],"iteration":134,"passed_time":0.4579420029,"remaining_time":2.934220981},
{"learn":[0.285222072],"iteration":135,"passed_time":0.459795417,"remaining_time":2.921053237},
{"learn":[0.2846097518],"iteration":136,"passed_time":0.461656446,"remaining_time":2.908098635},
{"learn":[0.2843537019],"iteration":137,"passed_time":0.4635305935,"remaining_time":2.895386751},
{"learn":[0.2840562616],"iteration":138,"passed_time":0.4653819463,"remaining_time":2.88268961},
{"learn":[0.2837935699],"iteration":139,"passed_time":0.4671186547,"remaining_time":2.869443164},
{"learn":[0.2835906991],"iteration":140,"passed_time":0.4689300295,"remaining_time":2.85681486},
{"learn":[0.2833256792],"iteration":141,"passed_time":0.470744536,"remaining_time":2.84435783},
{"learn":[0.2828041849],"iteration":142,"passed_time":0.4726783618,"remaining_time":2.832764728},
{"learn":[0.2824860891],"iteration":143,"passed_time":0.474537764,"remaining_time":2.820863375},
{"learn":[0.2821698936],"iteration":144,"passed_time":0.4764047451,"remaining_time":2.809145221},
{"learn":[0.2818369381],"iteration":145,"passed_time":0.4782234964,"remaining_time":2.797279903},
{"learn":[0.2814519997],"iteration":146,"passed_time":0.4799880344,"remaining_time":2.785236689},
{"learn":[0.2812779389],"iteration":147,"passed_time":0.4817290698,"remaining_time":2.773197077},
{"learn":[0.2809262327],"iteration":148,"passed_time":0.4834812361,"remaining_time":2.761359275},
{"learn":[0.280632533],"iteration":149,"passed_time":0.4855991472,"remaining_time":2.751728501},
{"learn":[0.2803236215],"iteration":150,"passed_time":0.4874623029,"remaining_time":2.740764869},
{"learn":[0.2798837778],"iteration":151,"passed_time":0.4893375293,"remaining_time":2.729988321},
{"learn":[0.2797259574],"iteration":152,"passed_time":0.4911769533,"remaining_time":2.719129931},
{"learn":[0.2791583037],"iteration":153,"passed_time":0.492888924,"remaining_time":2.707688504},
{"learn":[0.2789253567],"iteration":154,"passed_time":0.4947010881,"remaining_time":2.696918835},
{"learn":[0.2787100232],"iteration":155,"passed_time":0.4964688458,"remaining_time":2.686023756},
{"learn":[0.2786521575],"iteration":156,"passed_time":0.4981014046,"remaining_time":2.674519007},
{"learn":[0.2786240511],"iteration":157,"passed_time":0.4994032658,"remaining_time":2.661376898},
{"learn":[0.278256055],"iteration":158,"passed_time":0.5013043628,"remaining_time":2.651553265},
{"learn":[0.2780404423],"iteration":159,"passed_time":0.5031674381,"remaining_time":2.64162905},
{"learn":[0.2778244431],"iteration":160,"passed_time":0.5048798242,"remaining_time":2.631019705},
{"learn":[0.277634862],"iteration":161,"passed_time":0.5066224325,"remaining_time":2.620676534},
{"learn":[0.2773134735],"iteration":162,"passed_time":0.5085229584,"remaining_time":2.611249792},
{"learn":[0.2771804994],"iteration":163,"passed_time":0.5103420626,"remaining_time":2.601499783},
{"learn":[0.2769776215],"iteration":164,"passed_time":0.5122288866,"remaining_time":2.592188608},
{"learn":[0.2768410808],"iteration":165,"passed_time":0.5140860391,"remaining_time":2.582817811},
{"learn":[0.2766207469],"iteration":166,"passed_time":0.5159777901,"remaining_time":2.573709576},
{"learn":[0.2764710389],"iteration":167,"passed_time":0.5177825295,"remaining_time":2.564256336},
{"learn":[0.2760903728],"iteration":168,"passed_time":0.5195421565,"remaining_time":2.554671787},
{"learn":[0.2759493645],"iteration":169,"passed_time":0.521265099,"remaining_time":2.545000189},
{"learn":[0.2755801184],"iteration":170,"passed_time":0.52312355,"remaining_time":2.536078497},
{"learn":[0.2753925054],"iteration":171,"passed_time":0.5254075127,"remaining_time":2.529287328},
{"learn":[0.2751683158],"iteration":172,"passed_time":0.5273090308,"remaining_time":2.520720049},
{"learn":[0.2749528216],"iteration":173,"passed_time":0.5291821316,"remaining_time":2.512094487},
{"learn":[0.2746109235],"iteration":174,"passed_time":0.5309620197,"remaining_time":2.503106664},
{"learn":[0.2743683205],"iteration":175,"passed_time":0.5326912702,"remaining_time":2.493963674},
{"learn":[0.2737971034],"iteration":176,"passed_time":0.5344543895,"remaining_time":2.485061935},
{"learn":[0.2735541436],"iteration":177,"passed_time":0.5363042403,"remaining_time":2.47664093},
{"learn":[0.2731745091],"iteration":178,"passed_time":0.5383594904,"remaining_time":2.469235428},
{"learn":[0.2728612045],"iteration":179,"passed_time":0.5403178755,"remaining_time":2.4614481},
{"learn":[0.2725353406],"iteration":180,"passed_time":0.5421871413,"remaining_time":2.453321927},
{"learn":[0.2723849419],"iteration":181,"passed_time":0.54404823,"remaining_time":2.445227759},
{"learn":[0.272266209],"iteration":182,"passed_time":0.5455907212,"remaining_time":2.43577934},
{"learn":[0.2721860508],"iteration":183,"passed_time":0.5473149092,"remaining_time":2.427222641},
{"learn":[0.2720058256],"iteration":184,"passed_time":0.5490822212,"remaining_time":2.418929785},
{"learn":[0.2718657862],"iteration":185,"passed_time":0.5510969869,"remaining_time":2.41179004},
{"learn":[0.2715553436],"iteration":186,"passed_time":0.5529867467,"remaining_time":2.404161631},
{"learn":[0.2713964472],"iteration":187,"passed_time":0.5551125878,"remaining_time":2.397613943},
{"learn":[0.2711188403],"iteration":188,"passed_time":0.557016703,"remaining_time":2.39016162},
{"learn":[0.2707958456],"iteration":189,"passed_time":0.5589809754,"remaining_time":2.383024158},
{"learn":[0.2707426119],"iteration":190,"passed_time":0.5607919707,"remaining_time":2.375291645},
{"learn":[0.2705300074],"iteration":191,"passed_time":0.5628322549,"remaining_time":2.368585739},
{"learn":[0.2704245964],"iteration":192,"passed_time":0.5649657806,"remaining_time":2.362318057},
{"learn":[0.2703487839],"iteration":193,"passed_time":0.5667994711,"remaining_time":2.354847287},
{"learn":[0.2701565483],"iteration":194,"passed_time":0.5687665568,"remaining_time":2.347985017},
{"learn":[0.2700452074],"iteration":195,"passed_time":0.5706144239,"remaining_time":2.340683657},
{"learn":[0.2697100472],"iteration":196,"passed_time":0.5725256155,"remaining_time":2.333695783},
{"learn":[0.2696941447],"iteration":197,"passed_time":0.5742529637,"remaining_time":2.32601453},
{"learn":[0.2693944829],"iteration":198,"passed_time":0.5763119725,"remaining_time":2.31972809},
{"learn":[0.2691461263],"iteration":199,"passed_time":0.5784552582,"remaining_time":2.313821033},
{"learn":[0.2688379714],"iteration":200,"passed_time":0.5806552126,"remaining_time":2.308176691},
{"learn":[0.2686394895],"iteration":201,"passed_time":0.5829489736,"remaining_time":2.302937034},
{"learn":[0.2685649269],"iteration":202,"passed_time":0.5844652904,"remaining_time":2.294674071},
{"learn":[0.2684354403],"iteration":203,"passed_time":0.5863330381,"remaining_time":2.287848521},
{"learn":[0.2681721182],"iteration":204,"passed_time":0.5881743881,"remaining_time":2.280968969},
{"learn":[0.2679296744],"iteration":205,"passed_time":0.5902004816,"remaining_time":2.2748504},
{"learn":[0.26759108],"iteration":206,"passed_time":0.5922285673,"remaining_time":2.268779004},
{"learn":[0.2673069051],"iteration":207,"passed_time":0.5942304228,"remaining_time":2.26264661},
{"learn":[0.2667883871],"iteration":208,"passed_time":0.5962169362,"remaining_time":2.256495677},
{"learn":[0.2666552079],"iteration":209,"passed_time":0.5988171715,"remaining_time":2.252693169},
{"learn":[0.2664805037],"iteration":210,"passed_time":0.6007198944,"remaining_time":2.246293823},
{"learn":[0.2662734619],"iteration":211,"passed_time":0.6027296057,"remaining_time":2.240334572},
{"learn":[0.2661189376],"iteration":212,"passed_time":0.6045853396,"remaining_time":2.233843485},
{"learn":[0.2658823735],"iteration":213,"passed_time":0.606821625,"remaining_time":2.228793445},
{"learn":[0.2657327713],"iteration":214,"passed_time":0.6088616087,"remaining_time":2.22305285},
{"learn":[0.2656141181],"iteration":215,"passed_time":0.6110502117,"remaining_time":2.217885953},
{"learn":[0.2651598299],"iteration":216,"passed_time":0.6137169429,"remaining_time":2.214471734},
{"learn":[0.2648205092],"iteration":217,"passed_time":0.6161176974,"remaining_time":2.210110272},
{"learn":[0.2644509625],"iteration":218,"passed_time":0.6182214745,"remaining_time":2.204707633},
{"learn":[0.2643411225],"iteration":219,"passed_time":0.6205728871,"remaining_time":2.200212963},
{"learn":[0.2642093266],"iteration":220,"passed_time":0.6227856509,"remaining_time":2.195248969},
{"learn":[0.2639342328],"iteration":221,"passed_time":0.6249346166,"remaining_time":2.190086179},
{"learn":[0.2637616256],"iteration":222,"passed_time":0.6271239209,"remaining_time":2.185090971},
{"learn":[0.2637539846],"iteration":223,"passed_time":0.6286541606,"remaining_time":2.177837628},
{"learn":[0.2636090777],"iteration":224,"passed_time":0.6305715745,"remaining_time":2.171968756},
{"learn":[0.2633427832],"iteration":225,"passed_time":0.6326711073,"remaining_time":2.166758571},
{"learn":[0.2632099766],"iteration":226,"passed_time":0.6348414822,"remaining_time":2.16181703},
{"learn":[0.2629702789],"iteration":227,"passed_time":0.6370667786,"remaining_time":2.157085759},
{"learn":[0.262802246],"iteration":228,"passed_time":0.6393685553,"remaining_time":2.15263387},
{"learn":[0.2626738766],"iteration":229,"passed_time":0.6415093226,"remaining_time":2.147661645},
{"learn":[0.2623910075],"iteration":230,"passed_time":0.6435117133,"remaining_time":2.142253279},
{"learn":[0.2623293986],"iteration":231,"passed_time":0.6455740909,"remaining_time":2.137072853},
{"learn":[0.2622287078],"iteration":232,"passed_time":0.6477921112,"remaining_time":2.132431542},
{"learn":[0.261991657],"iteration":233,"passed_time":0.6499244127,"remaining_time":2.127530342},
{"learn":[0.2617347089],"iteration":234,"passed_time":0.6521353944,"remaining_time":2.122908837},
{"learn":[0.2616993029],"iteration":235,"passed_time":0.6539861496,"remaining_time":2.117141603},
{"learn":[0.2616087156],"iteration":236,"passed_time":0.6562061195,"remaining_time":2.112596073},
{"learn":[0.2613858738],"iteration":237,"passed_time":0.6583561329,"remaining_time":2.107846106},
{"learn":[0.2612882326],"iteration":238,"passed_time":0.6603157077,"remaining_time":2.102511521},
{"learn":[0.2610499915],"iteration":239,"passed_time":0.662477834,"remaining_time":2.097846474},
{"learn":[0.2608351952],"iteration":240,"passed_time":0.6647402393,"remaining_time":2.093518015},
{"learn":[0.260644153],"iteration":241,"passed_time":0.667122706,"remaining_time":2.089582691},
{"learn":[0.2604352316],"iteration":242,"passed_time":0.6693588802,"remaining_time":2.085204413},
{"learn":[0.2603218393],"iteration":243,"passed_time":0.6716088316,"remaining_time":2.08088638},
{"learn":[0.2602276295],"iteration":244,"passed_time":0.6736587211,"remaining_time":2.075968712},
{"learn":[0.2601815452],"iteration":245,"passed_time":0.6756974214,"remaining_time":2.071040064},
{"learn":[0.2598905889],"iteration":246,"passed_time":0.6779414481,"remaining_time":2.066760771},
{"learn":[0.2597797819],"iteration":247,"passed_time":0.6800260393,"remaining_time":2.062014442},
{"learn":[0.2595436378],"iteration":248,"passed_time":0.6823197998,"remaining_time":2.05792036},
{"learn":[0.2594087276],"iteration":249,"passed_time":0.6844389426,"remaining_time":2.053316828},
{"learn":[0.2592870303],"iteration":250,"passed_time":0.6865705826,"remaining_time":2.048770384},
{"learn":[0.2589432664],"iteration":251,"passed_time":0.6887350455,"remaining_time":2.044340532},
{"learn":[0.2588316188],"iteration":252,"passed_time":0.6907008048,"remaining_time":2.039341902},
{"learn":[0.2586717706],"iteration":253,"passed_time":0.6929058945,"remaining_time":2.035070068},
{"learn":[0.2585396142],"iteration":254,"passed_time":0.6948321258,"remaining_time":2.02999974},
{"learn":[0.2584061432],"iteration":255,"passed_time":0.6969607878,"remaining_time":2.02554229},
{"learn":[0.2581768398],"iteration":256,"passed_time":0.698946758,"remaining_time":2.020690433},
{"learn":[0.2580279173],"iteration":257,"passed_time":0.7009811261,"remaining_time":2.015999983},
{"learn":[0.2579006418],"iteration":258,"passed_time":0.7030584222,"remaining_time":2.01145286},
{"learn":[0.2576885255],"iteration":259,"passed_time":0.7050789734,"remaining_time":2.006763232},
{"learn":[0.2575043846],"iteration":260,"passed_time":0.7070638178,"remaining_time":2.001992955},
{"learn":[0.2573507439],"iteration":261,"passed_time":0.7092554338,"remaining_time":1.997826374},
{"learn":[0.2571520409],"iteration":262,"passed_time":0.7112223382,"remaining_time":1.993045107},
{"learn":[0.256988433],"iteration":263,"passed_time":0.7134229835,"remaining_time":1.988936803},
{"learn":[0.2569268895],"iteration":264,"passed_time":0.715630075,"remaining_time":1.984860774},
{"learn":[0.2567307166],"iteration":265,"passed_time":0.7178627507,"remaining_time":1.980869395},
{"learn":[0.2566923371],"iteration":266,"passed_time":0.7200312701,"remaining_time":1.97671506},
{"learn":[0.2565387789],"iteration":267,"passed_time":0.7222794322,"remaining_time":1.972793076},
{"learn":[0.2564342259],"iteration":268,"passed_time":0.7244701239,"remaining_time":1.968727363},
{"learn":[0.2562214837],"iteration":269,"passed_time":0.7266905794,"remaining_time":1.964756011},
{"learn":[0.2561987299],"iteration":270,"passed_time":0.728608704,"remaining_time":1.9599843},
{"learn":[0.2561321329],"iteration":271,"passed_time":0.7305955553,"remaining_time":1.955417516},
{"learn":[0.2559063394],"iteration":272,"passed_time":0.7326248601,"remaining_time":1.950982686},
{"learn":[0.2557655221],"iteration":273,"passed_time":0.734580211,"remaining_time":1.946369464},
{"learn":[0.2556259621],"iteration":274,"passed_time":0.7364394466,"remaining_time":1.941522177},
{"learn":[0.2555090235],"iteration":275,"passed_time":0.7383339758,"remaining_time":1.936789125},
{"learn":[0.2552977409],"iteration":276,"passed_time":0.7402479007,"remaining_time":1.932127192},
{"learn":[0.2552086606],"iteration":277,"passed_time":0.7423001913,"remaining_time":1.927844382},
{"learn":[0.2551250762],"iteration":278,"passed_time":0.7443010904,"remaining_time":1.923444753},
{"learn":[0.2548079583],"iteration":279,"passed_time":0.7461771771,"remaining_time":1.918741313},
{"learn":[0.2547152577],"iteration":280,"passed_time":0.7480369768,"remaining_time":1.914016321},
{"learn":[0.2545891771],"iteration":281,"passed_time":0.7500186696,"remaining_time":1.909622003},
{"learn":[0.2545349074],"iteration":282,"passed_time":0.7521684563,"remaining_time":1.905670612},
{"learn":[0.2543865377],"iteration":283,"passed_time":0.7543022716,"remaining_time":1.901691642},
{"learn":[0.2541630865],"iteration":284,"passed_time":0.7562433608,"remaining_time":1.897242116},
{"learn":[0.2540101991],"iteration":285,"passed_time":0.758269274,"remaining_time":1.893021894},
{"learn":[0.2539779831],"iteration":286,"passed_time":0.7601519,"remaining_time":1.888460992},
{"learn":[0.2538657909],"iteration":287,"passed_time":0.7620286663,"remaining_time":1.883904203},
{"learn":[0.2537303046],"iteration":288,"passed_time":0.7639624439,"remaining_time":1.87950622},
{"learn":[0.2535979917],"iteration":289,"passed_time":0.7658757597,"remaining_time":1.875075136},
{"learn":[0.2535215253],"iteration":290,"passed_time":0.7676972144,"remaining_time":1.870437543},
{"learn":[0.25334102],"iteration":291,"passed_time":0.7696799128,"remaining_time":1.8662102},
{"learn":[0.2532495335],"iteration":292,"passed_time":0.7714856814,"remaining_time":1.861571252},
{"learn":[0.252985569],"iteration":293,"passed_time":0.77365554,"remaining_time":1.857825889},
{"learn":[0.2528586435],"iteration":294,"passed_time":0.7758444648,"remaining_time":1.854136772},
{"learn":[0.2526710125],"iteration":295,"passed_time":0.7781135642,"remaining_time":1.850648477},
{"learn":[0.2524731589],"iteration":296,"passed_time":0.7801549505,"remaining_time":1.846629395},
{"learn":[0.2524121176],"iteration":297,"passed_time":0.7821665854,"remaining_time":1.8425535},
{"learn":[0.2523907602],"iteration":298,"passed_time":0.7838352012,"remaining_time":1.837687211},
{"learn":[0.2521355318],"iteration":299,"passed_time":0.7856993052,"remaining_time":1.833298379},
{"learn":[0.2519877676],"iteration":300,"passed_time":0.7875376522,"remaining_time":1.828866508},
{"learn":[0.2516787146],"iteration":301,"passed_time":0.7893812245,"remaining_time":1.82446389},
{"learn":[0.2514926475],"iteration":302,"passed_time":0.7911815667,"remaining_time":1.81997872},
{"learn":[0.2514247799],"iteration":303,"passed_time":0.7932710339,"remaining_time":1.816173157},
{"learn":[0.2513981523],"iteration":304,"passed_time":0.7951751093,"remaining_time":1.811956397},
{"learn":[0.2513523892],"iteration":305,"passed_time":0.7970146498,"remaining_time":1.807608389},
{"learn":[0.2513297916],"iteration":306,"passed_time":0.7984509972,"remaining_time":1.802366583},
{"learn":[0.2512521353],"iteration":307,"passed_time":0.8005186994,"remaining_time":1.798567987},
{"learn":[0.2511320603],"iteration":308,"passed_time":0.8023297846,"remaining_time":1.794206735},
{"learn":[0.2510131416],"iteration":309,"passed_time":0.8042962717,"remaining_time":1.79020783},
{"learn":[0.2509645352],"iteration":310,"passed_time":0.8060744515,"remaining_time":1.785804814},
{"learn":[0.250884151],"iteration":311,"passed_time":0.8079436226,"remaining_time":1.78161927},
{"learn":[0.2506046409],"iteration":312,"passed_time":0.8098225344,"remaining_time":1.777469908},
{"learn":[0.2505467617],"iteration":313,"passed_time":0.8117123728,"remaining_time":1.773358878},
{"learn":[0.2504633444],"iteration":314,"passed_time":0.8135751934,"remaining_time":1.769203198},
{"learn":[0.2503392398],"iteration":315,"passed_time":0.8153323275,"remaining_time":1.764833266},
{"learn":[0.2501547819],"iteration":316,"passed_time":0.8170945014,"remaining_time":1.760490676},
{"learn":[0.2499540843],"iteration":317,"passed_time":0.8188843061,"remaining_time":1.756223575},
{"learn":[0.2498008195],"iteration":318,"passed_time":0.8207141571,"remaining_time":1.752057495},
{"learn":[0.2496867528],"iteration":319,"passed_time":0.8225472268,"remaining_time":1.747912857},
{"learn":[0.2495784768],"iteration":320,"passed_time":0.8244112125,"remaining_time":1.743848016},
{"learn":[0.2494156499],"iteration":321,"passed_time":0.8262384873,"remaining_time":1.739719548},
{"learn":[0.2492724347],"iteration":322,"passed_time":0.8279819824,"remaining_time":1.735429728},
{"learn":[0.2488745338],"iteration":323,"passed_time":0.8297074179,"remaining_time":1.731117946},
{"learn":[0.2487317417],"iteration":324,"passed_time":0.8314322107,"remaining_time":1.726820745},
{"learn":[0.2485779424],"iteration":325,"passed_time":0.8333677912,"remaining_time":1.722975127},
{"learn":[0.248519923],"iteration":326,"passed_time":0.8352566746,"remaining_time":1.719045083},
{"learn":[0.2483989248],"iteration":327,"passed_time":0.8370799772,"remaining_time":1.714993124},
{"learn":[0.2482895582],"iteration":328,"passed_time":0.8389332673,"remaining_time":1.711015873},
{"learn":[0.2482570245],"iteration":329,"passed_time":0.8406611616,"remaining_time":1.706796904},
{"learn":[0.248012896],"iteration":330,"passed_time":0.8424377542,"remaining_time":1.702691413},
{"learn":[0.2478579196],"iteration":331,"passed_time":0.8441721855,"remaining_time":1.69851512},
{"learn":[0.2477280676],"iteration":332,"passed_time":0.8459542125,"remaining_time":1.694448828},
{"learn":[0.2475668604],"iteration":333,"passed_time":0.8483676198,"remaining_time":1.691655194},
{"learn":[0.2475663137],"iteration":334,"passed_time":0.8501079004,"remaining_time":1.687527623},
{"learn":[0.2475138788],"iteration":335,"passed_time":0.8524563516,"remaining_time":1.684616123},
{"learn":[0.2475026826],"iteration":336,"passed_time":0.8540307392,"remaining_time":1.680185104},
{"learn":[0.2474240429],"iteration":337,"passed_time":0.8560721033,"remaining_time":1.676685599},
{"learn":[0.2472918663],"iteration":338,"passed_time":0.8579992994,"remaining_time":1.672972085},
{"learn":[0.2470994229],"iteration":339,"passed_time":0.8600709553,"remaining_time":1.669549502},
{"learn":[0.2470068438],"iteration":340,"passed_time":0.8621249944,"remaining_time":1.666100796},
{"learn":[0.2469315824],"iteration":341,"passed_time":0.8643020449,"remaining_time":1.662896917},
{"learn":[0.246770062],"iteration":342,"passed_time":0.8665775493,"remaining_time":1.659887609},
{"learn":[0.2466067078],"iteration":343,"passed_time":0.8685897634,"remaining_time":1.656380479},
{"learn":[0.2464987037],"iteration":344,"passed_time":0.8705780159,"remaining_time":1.652836523},
{"learn":[0.2464404524],"iteration":345,"passed_time":0.8724717293,"remaining_time":1.649122864},
{"learn":[0.24633283],"iteration":346,"passed_time":0.8744423929,"remaining_time":1.645564503},
{"learn":[0.246219438],"iteration":347,"passed_time":0.8763485495,"remaining_time":1.641894409},
{"learn":[0.2460979543],"iteration":348,"passed_time":0.8784167694,"remaining_time":1.638536725},
{"learn":[0.2460560979],"iteration":349,"passed_time":0.8800184998,"remaining_time":1.634320071},
{"learn":[0.2459934699],"iteration":350,"passed_time":0.8819695165,"remaining_time":1.630764149},
{"learn":[0.2458345024],"iteration":351,"passed_time":0.8837962244,"remaining_time":1.626988504},
{"learn":[0.2457076086],"iteration":352,"passed_time":0.8857058203,"remaining_time":1.623375824},
{"learn":[0.2455782663],"iteration":353,"passed_time":0.8875648798,"remaining_time":1.619680543},
{"learn":[0.2454658751],"iteration":354,"passed_time":0.8894163349,"remaining_time":1.615981792},
{"learn":[0.2453374323],"iteration":355,"passed_time":0.8913357698,"remaining_time":1.612416393},
{"learn":[0.2451675047],"iteration":356,"passed_time":0.8939176274,"remaining_time":1.610053318},
{"learn":[0.2450188633],"iteration":357,"passed_time":0.8956832083,"remaining_time":1.606225195},
{"learn":[0.2449067939],"iteration":358,"passed_time":0.8974463419,"remaining_time":1.602404193},
{"learn":[0.2447253104],"iteration":359,"passed_time":0.8992827052,"remaining_time":1.598724809},
{"learn":[0.2446580984],"iteration":360,"passed_time":0.9011297347,"remaining_time":1.595074517},
{"learn":[0.2446430218],"iteration":361,"passed_time":0.902778573,"remaining_time":1.591084888},
{"learn":[0.2445278524],"iteration":362,"passed_time":0.9046321612,"remaining_time":1.587467456},
{"learn":[0.2445050173],"iteration":363,"passed_time":0.9061791895,"remaining_time":1.583324078},
{"learn":[0.2444027473],"iteration":364,"passed_time":0.908280126,"remaining_time":1.580158575},
{"learn":[0.2443333285],"iteration":365,"passed_time":0.9102945382,"remaining_time":1.576849009},
{"learn":[0.2442272321],"iteration":366,"passed_time":0.9122138099,"remaining_time":1.573382402},
{"learn":[0.2440938947],"iteration":367,"passed_time":0.9140672467,"remaining_time":1.569811141},
{"learn":[0.2440867929],"iteration":368,"passed_time":0.9160320079,"remaining_time":1.566439558},
{"learn":[0.2440558082],"iteration":369,"passed_time":0.9177290742,"remaining_time":1.562619775},
{"learn":[0.2439624468],"iteration":370,"passed_time":0.9195462478,"remaining_time":1.559015067},
{"learn":[0.2438376052],"iteration":371,"passed_time":0.9213744728,"remaining_time":1.555438626},
{"learn":[0.2437788729],"iteration":372,"passed_time":0.9231717486,"remaining_time":1.551819535},
{"learn":[0.2436950587],"iteration":373,"passed_time":0.9250573266,"remaining_time":1.548357985},
{"learn":[0.2436421068],"iteration":374,"passed_time":0.926938285,"remaining_time":1.544897142},
{"learn":[0.2436344002],"iteration":375,"passed_time":0.9285373441,"remaining_time":1.540976869},
{"learn":[0.2434835523],"iteration":376,"passed_time":0.9304799438,"remaining_time":1.537636618},
{"learn":[0.2433787737],"iteration":377,"passed_time":0.9322726712,"remaining_time":1.534057147},
{"learn":[0.2432604824],"iteration":378,"passed_time":0.933969128,"remaining_time":1.530329363},
{"learn":[0.2431671451],"iteration":379,"passed_time":0.9356942378,"remaining_time":1.52665902},
{"learn":[0.2430167814],"iteration":380,"passed_time":0.9376300129,"remaining_time":1.52334115},
{"learn":[0.2428883189],"iteration":381,"passed_time":0.9395650109,"remaining_time":1.520029258},
{"learn":[0.2427814324],"iteration":382,"passed_time":0.9415462077,"remaining_time":1.516798982},
{"learn":[0.2427087901],"iteration":383,"passed_time":0.943499574,"remaining_time":1.513530567},
{"learn":[0.2425174481],"iteration":384,"passed_time":0.9454394385,"remaining_time":1.510247415},
{"learn":[0.2423961908],"iteration":385,"passed_time":0.9473998732,"remaining_time":1.507003943},
{"learn":[0.2423875995],"iteration":386,"passed_time":0.9489613842,"remaining_time":1.503135216},
{"learn":[0.242290111],"iteration":387,"passed_time":0.9509913888,"remaining_time":1.500017345},
{"learn":[0.2421330041],"iteration":388,"passed_time":0.9528904538,"remaining_time":1.496699402},
{"learn":[0.2419709411],"iteration":389,"passed_time":0.9548740669,"remaining_time":1.493520976},
{"learn":[0.2419688161],"iteration":390,"passed_time":0.9562233677,"remaining_time":1.489360693},
{"learn":[0.241837249],"iteration":391,"passed_time":0.9582312799,"remaining_time":1.486236271},
{"learn":[0.2417349929],"iteration":392,"passed_time":0.9599763016,"remaining_time":1.482711489},
{"learn":[0.2415968685],"iteration":393,"passed_time":0.9617622109,"remaining_time":1.479258629},
{"learn":[0.2415092274],"iteration":394,"passed_time":0.9634621051,"remaining_time":1.475682465},
{"learn":[0.2413856429],"iteration":395,"passed_time":0.9652824284,"remaining_time":1.472299461},
{"learn":[0.2412883601],"iteration":396,"passed_time":0.9672122381,"remaining_time":1.469090629},
{"learn":[0.2411574391],"iteration":397,"passed_time":0.9690372433,"remaining_time":1.4657297},
{"learn":[0.2411044013],"iteration":398,"passed_time":0.9709602633,"remaining_time":1.462524106},
{"learn":[0.2410626106],"iteration":399,"passed_time":0.9726906476,"remaining_time":1.459035971},
{"learn":[0.2410620585],"iteration":400,"passed_time":0.9737924985,"remaining_time":1.454617722},
{"learn":[0.2409275549],"iteration":401,"passed_time":0.9755125507,"remaining_time":1.451135585},
{"learn":[0.2408368529],"iteration":402,"passed_time":0.9772847803,"remaining_time":1.447739489},
{"learn":[0.2407517384],"iteration":403,"passed_time":0.9791749707,"remaining_time":1.444525452},
{"learn":[0.2406858743],"iteration":404,"passed_time":0.981194319,"remaining_time":1.441507703},
{"learn":[0.2406830116],"iteration":405,"passed_time":0.9829941739,"remaining_time":1.438173742},
{"learn":[0.240599426],"iteration":406,"passed_time":0.9847701968,"remaining_time":1.434812596},
{"learn":[0.2405441319],"iteration":407,"passed_time":0.986562132,"remaining_time":1.431482309},
{"learn":[0.2403528778],"iteration":408,"passed_time":0.9883112948,"remaining_time":1.428097739},
{"learn":[0.2402634869],"iteration":409,"passed_time":0.9900817622,"remaining_time":1.424751804},
{"learn":[0.2401438951],"iteration":410,"passed_time":0.9919484982,"remaining_time":1.421551497},
{"learn":[0.2401371462],"iteration":411,"passed_time":0.9935066953,"remaining_time":1.417917322},
{"learn":[0.2400217192],"iteration":412,"passed_time":0.9953783613,"remaining_time":1.414738736},
{"learn":[0.2399327816],"iteration":413,"passed_time":0.9972490065,"remaining_time":1.411565019},
{"learn":[0.2398786979],"iteration":414,"passed_time":0.998876696,"remaining_time":1.408055102},
{"learn":[0.2397857346],"iteration":415,"passed_time":1.000619511,"remaining_time":1.404715851},
{"learn":[0.2397558407],"iteration":416,"passed_time":1.002133706,"remaining_time":1.40106463},
{"learn":[0.2397360849],"iteration":417,"passed_time":1.003635322,"remaining_time":1.397406119},
{"learn":[0.239683209],"iteration":418,"passed_time":1.005402097,"remaining_time":1.394125581},
{"learn":[0.2396315583],"iteration":419,"passed_time":1.007245876,"remaining_time":1.390958591},
{"learn":[0.2395837327],"iteration":420,"passed_time":1.009081684,"remaining_time":1.387786924},
{"learn":[0.2395426632],"iteration":421,"passed_time":1.010826671,"remaining_time":1.384497194},
{"learn":[0.2394989494],"iteration":422,"passed_time":1.012543538,"remaining_time":1.38117641},
{"learn":[0.2393275533],"iteration":423,"passed_time":1.014330728,"remaining_time":1.377958725},
{"learn":[0.239178121],"iteration":424,"passed_time":1.016126326,"remaining_time":1.374759147},
{"learn":[0.239135328],"iteration":425,"passed_time":1.017900671,"remaining_time":1.371537524},
{"learn":[0.2390483679],"iteration":426,"passed_time":1.019843119,"remaining_time":1.36854826},
{"learn":[0.2389569893],"iteration":427,"passed_time":1.021777831,"remaining_time":1.36555355},
{"learn":[0.2389273362],"iteration":428,"passed_time":1.023651213,"remaining_time":1.362482151},
{"learn":[0.2388760118],"iteration":429,"passed_time":1.025530272,"remaining_time":1.359423848},
{"learn":[0.2387762423],"iteration":430,"passed_time":1.027318881,"remaining_time":1.356251609},
{"learn":[0.2386980674],"iteration":431,"passed_time":1.029084657,"remaining_time":1.353055753},
{"learn":[0.2386586001],"iteration":432,"passed_time":1.030753004,"remaining_time":1.349738922},
{"learn":[0.2385436413],"iteration":433,"passed_time":1.032588474,"remaining_time":1.346647641},
{"learn":[0.2384794422],"iteration":434,"passed_time":1.034408048,"remaining_time":1.343541488},
{"learn":[0.2383045287],"iteration":435,"passed_time":1.036251349,"remaining_time":1.340471929},
{"learn":[0.2380683199],"iteration":436,"passed_time":1.03811728,"remaining_time":1.337437136},
{"learn":[0.2379116359],"iteration":437,"passed_time":1.039898632,"remaining_time":1.334299158},
{"learn":[0.2378687692],"iteration":438,"passed_time":1.041621997,"remaining_time":1.331093259},
{"learn":[0.2377683599],"iteration":439,"passed_time":1.043386531,"remaining_time":1.327946494},
{"learn":[0.2377491215],"iteration":440,"passed_time":1.045117432,"remaining_time":1.324763366},
{"learn":[0.2375784344],"iteration":441,"passed_time":1.046950367,"remaining_time":1.321715622},
{"learn":[0.2375353681],"iteration":442,"passed_time":1.048804242,"remaining_time":1.318699691},
{"learn":[0.2374241835],"iteration":443,"passed_time":1.050669081,"remaining_time":1.315702723},
{"learn":[0.2373441382],"iteration":444,"passed_time":1.05246936,"remaining_time":1.312630326},
{"learn":[0.2372819089],"iteration":445,"passed_time":1.054209617,"remaining_time":1.309489076},
{"learn":[0.2372630189],"iteration":446,"passed_time":1.055898946,"remaining_time":1.306291089},
{"learn":[0.2371973481],"iteration":447,"passed_time":1.057682162,"remaining_time":1.303215522},
{"learn":[0.2371360775],"iteration":448,"passed_time":1.059478789,"remaining_time":1.300162167},
{"learn":[0.2370862105],"iteration":449,"passed_time":1.061293191,"remaining_time":1.297136123},
{"learn":[0.2370056776],"iteration":450,"passed_time":1.063389864,"remaining_time":1.294459059},
{"learn":[0.2369609536],"iteration":451,"passed_time":1.065202255,"remaining_time":1.291439902},
{"learn":[0.2368036717],"iteration":452,"passed_time":1.066971104,"remaining_time":1.288373497},
{"learn":[0.2367314063],"iteration":453,"passed_time":1.068755231,"remaining_time":1.285331181},
{"learn":[0.2366345608],"iteration":454,"passed_time":1.070549281,"remaining_time":1.282306282},
{"learn":[0.2365693722],"iteration":455,"passed_time":1.072400409,"remaining_time":1.279354874},
{"learn":[0.23648128],"iteration":456,"passed_time":1.074197594,"remaining_time":1.276344187},
{"learn":[0.2363940108],"iteration":457,"passed_time":1.076083208,"remaining_time":1.273443447},
{"learn":[0.2363468948],"iteration":458,"passed_time":1.077884719,"remaining_time":1.270448002},
{"learn":[0.2361990933],"iteration":459,"passed_time":1.079588681,"remaining_time":1.267343234},
{"learn":[0.236000444],"iteration":460,"passed_time":1.081358093,"remaining_time":1.264321068},
{"learn":[0.2359564855],"iteration":461,"passed_time":1.083091872,"remaining_time":1.26126283},
{"learn":[0.2358523921],"iteration":462,"passed_time":1.08506226,"remaining_time":1.258484738},
{"learn":[0.2358040265],"iteration":463,"passed_time":1.087435312,"remaining_time":1.256175274},
{"learn":[0.2356471841],"iteration":464,"passed_time":1.089592414,"remaining_time":1.253617078},
{"learn":[0.2355862376],"iteration":465,"passed_time":1.091487563,"remaining_time":1.250760426},
{"learn":[0.2354384698],"iteration":466,"passed_time":1.093256629,"remaining_time":1.24776399},
{"learn":[0.2354058239],"iteration":467,"passed_time":1.095029487,"remaining_time":1.24477711},
{"learn":[0.2353642775],"iteration":468,"passed_time":1.09680304,"remaining_time":1.241796193},
{"learn":[0.2352712291],"iteration":469,"passed_time":1.098629666,"remaining_time":1.238880261},
{"learn":[0.2352064499],"iteration":470,"passed_time":1.100522431,"remaining_time":1.23604324},
{"learn":[0.2351318644],"iteration":471,"passed_time":1.102659798,"remaining_time":1.233483842},
{"learn":[0.2350067789],"iteration":472,"passed_time":1.104556149,"remaining_time":1.230657697},
{"learn":[0.2349434334],"iteration":473,"passed_time":1.106296552,"remaining_time":1.227662419},
{"learn":[0.2346645367],"iteration":474,"passed_time":1.108074686,"remaining_time":1.224714126},
{"learn":[0.2346377153],"iteration":475,"passed_time":1.109880628,"remaining_time":1.221801364},
{"learn":[0.2345867283],"iteration":476,"passed_time":1.111694349,"remaining_time":1.218901771},
{"learn":[0.234496066],"iteration":477,"passed_time":1.11354924,"remaining_time":1.21605168},
{"learn":[0.2344697789],"iteration":478,"passed_time":1.115225489,"remaining_time":1.21301144},
{"learn":[0.2343462902],"iteration":479,"passed_time":1.117161698,"remaining_time":1.210258506},
{"learn":[0.2342734428],"iteration":480,"passed_time":1.118992088,"remaining_time":1.207394789},
{"learn":[0.2341564264],"iteration":481,"passed_time":1.120708144,"remaining_time":1.204412486},
{"learn":[0.2341321496],"iteration":482,"passed_time":1.122161428,"remaining_time":1.201154158},
{"learn":[0.2340894346],"iteration":483,"passed_time":1.123946125,"remaining_time":1.198256613},
{"learn":[0.2340676132],"iteration":484,"passed_time":1.125853581,"remaining_time":1.195494009},
{"learn":[0.2339410351],"iteration":485,"passed_time":1.127754125,"remaining_time":1.192727613},
{"learn":[0.2338963653],"iteration":486,"passed_time":1.129643844,"remaining_time":1.189953371},
{"learn":[0.2338460264],"iteration":487,"passed_time":1.131441101,"remaining_time":1.187085745},
{"learn":[0.2337587716],"iteration":488,"passed_time":1.13317317,"remaining_time":1.184154376},
{"learn":[0.2335535327],"iteration":489,"passed_time":1.13498249,"remaining_time":1.181308305},
{"learn":[0.2334565191],"iteration":490,"passed_time":1.136727292,"remaining_time":1.178399575},
{"learn":[0.2334154132],"iteration":491,"passed_time":1.138595552,"remaining_time":1.17562305},
{"learn":[0.2333450306],"iteration":492,"passed_time":1.140484295,"remaining_time":1.172871273},
{"learn":[0.2332419224],"iteration":493,"passed_time":1.142383653,"remaining_time":1.170133863},
{"learn":[0.2331337034],"iteration":494,"passed_time":1.14424024,"remaining_time":1.167356204},
{"learn":[0.2329125315],"iteration":495,"passed_time":1.146243705,"remaining_time":1.164731507},
{"learn":[0.232848616],"iteration":496,"passed_time":1.148038906,"remaining_time":1.161898531},
{"learn":[0.2327637612],"iteration":497,"passed_time":1.149819942,"remaining_time":1.159055443},
{"learn":[0.2327594703],"iteration":498,"passed_time":1.151467904,"remaining_time":1.156083005},
{"learn":[0.2327470423],"iteration":499,"passed_time":1.153131838,"remaining_time":1.153131838},
{"learn":[0.2326572464],"iteration":500,"passed_time":1.155323023,"remaining_time":1.150710955},
{"learn":[0.2326262606],"iteration":501,"passed_time":1.157653205,"remaining_time":1.148428877},
{"learn":[0.2325748538],"iteration":502,"passed_time":1.160092979,"remaining_time":1.146254892},
{"learn":[0.2324885991],"iteration":503,"passed_time":1.162146003,"remaining_time":1.143699241},
{"learn":[0.2324080036],"iteration":504,"passed_time":1.164112315,"remaining_time":1.141060586},
{"learn":[0.23229885],"iteration":505,"passed_time":1.166393724,"remaining_time":1.138732213},
{"learn":[0.2322304752],"iteration":506,"passed_time":1.168512312,"remaining_time":1.1362457},
{"learn":[0.2321507427],"iteration":507,"passed_time":1.171198842,"remaining_time":1.13431069},
{"learn":[0.2320785319],"iteration":508,"passed_time":1.17315165,"remaining_time":1.131664952},
{"learn":[0.2319903982],"iteration":509,"passed_time":1.175044311,"remaining_time":1.128964142},
{"learn":[0.2318516407],"iteration":510,"passed_time":1.176936821,"remaining_time":1.126266351},
{"learn":[0.2318213483],"iteration":511,"passed_time":1.179013372,"remaining_time":1.12374712},
{"learn":[0.2317693749],"iteration":512,"passed_time":1.180881216,"remaining_time":1.121031486},
{"learn":[0.2316725833],"iteration":513,"passed_time":1.182758988,"remaining_time":1.118328538},
{"learn":[0.2315433167],"iteration":514,"passed_time":1.184592258,"remaining_time":1.115586884},
{"learn":[0.2314380861],"iteration":515,"passed_time":1.186345706,"remaining_time":1.112773879},
{"learn":[0.2313533158],"iteration":516,"passed_time":1.188125105,"remaining_time":1.109989218},
{"learn":[0.2313142651],"iteration":517,"passed_time":1.189848197,"remaining_time":1.107156045},
{"learn":[0.2312640051],"iteration":518,"passed_time":1.191684727,"remaining_time":1.104432281},
{"learn":[0.2312291955],"iteration":519,"passed_time":1.193458738,"remaining_time":1.10165422},
{"learn":[0.2312072623],"iteration":520,"passed_time":1.195332489,"remaining_time":1.098971713},
{"learn":[0.231127092],"iteration":521,"passed_time":1.19718643,"remaining_time":1.096274164},
{"learn":[0.2310232947],"iteration":522,"passed_time":1.198966373,"remaining_time":1.093512352},
{"learn":[0.230933186],"iteration":523,"passed_time":1.200720186,"remaining_time":1.09073055},
{"learn":[0.2308558168],"iteration":524,"passed_time":1.202518799,"remaining_time":1.087993199},
{"learn":[0.2308332387],"iteration":525,"passed_time":1.20432468,"remaining_time":1.085265967},
{"learn":[0.2308113898],"iteration":526,"passed_time":1.206153362,"remaining_time":1.082562695},
{"learn":[0.2307617776],"iteration":527,"passed_time":1.207787328,"remaining_time":1.079688672},
{"learn":[0.2306890234],"iteration":528,"passed_time":1.2097893,"remaining_time":1.077146995},
{"learn":[0.2306508626],"iteration":529,"passed_time":1.211642591,"remaining_time":1.074475505},
{"learn":[0.2306120898],"iteration":530,"passed_time":1.213406797,"remaining_time":1.071728414},
{"learn":[0.2305530625],"iteration":531,"passed_time":1.215260724,"remaining_time":1.069063945},
{"learn":[0.2305061747],"iteration":532,"passed_time":1.217038111,"remaining_time":1.066335456},
{"learn":[0.2303754632],"iteration":533,"passed_time":1.218900379,"remaining_time":1.063684601},
{"learn":[0.2302926179],"iteration":534,"passed_time":1.22073168,"remaining_time":1.061009778},
{"learn":[0.2302451308],"iteration":535,"passed_time":1.22254487,"remaining_time":1.058322425},
{"learn":[0.2302367177],"iteration":536,"passed_time":1.224057051,"remaining_time":1.055378798},
{"learn":[0.2301797833],"iteration":537,"passed_time":1.225801999,"remaining_time":1.052640378},
{"learn":[0.2300702717],"iteration":538,"passed_time":1.227569417,"remaining_time":1.049924863},
{"learn":[0.2300092108],"iteration":539,"passed_time":1.229502018,"remaining_time":1.047353571},
{"learn":[0.2299575334],"iteration":540,"passed_time":1.231545529,"remaining_time":1.044878739},
{"learn":[0.2298965344],"iteration":541,"passed_time":1.233831725,"remaining_time":1.042610572},
{"learn":[0.2298134567],"iteration":542,"passed_time":1.235907057,"remaining_time":1.040164871},
{"learn":[0.2296948511],"iteration":543,"passed_time":1.237851393,"remaining_time":1.037610726},
{"learn":[0.2296452059],"iteration":544,"passed_time":1.239663913,"remaining_time":1.034948771},
{"learn":[0.2295725386],"iteration":545,"passed_time":1.241619956,"remaining_time":1.032409267},
{"learn":[0.229509882],"iteration":546,"passed_time":1.243476776,"remaining_time":1.029789725},
{"learn":[0.2294498905],"iteration":547,"passed_time":1.245460712,"remaining_time":1.027277813},
{"learn":[0.2293434133],"iteration":548,"passed_time":1.247530055,"remaining_time":1.024837987},
{"learn":[0.2292627681],"iteration":549,"passed_time":1.249549604,"remaining_time":1.022358767},
{"learn":[0.2291949734],"iteration":550,"passed_time":1.251519437,"remaining_time":1.019840703},
{"learn":[0.2291106777],"iteration":551,"passed_time":1.253428379,"remaining_time":1.017275206},
{"learn":[0.2290565835],"iteration":552,"passed_time":1.25550581,"remaining_time":1.014848277},
{"learn":[0.2288687971],"iteration":553,"passed_time":1.257381208,"remaining_time":1.012259962},
{"learn":[0.2288265717],"iteration":554,"passed_time":1.259331519,"remaining_time":1.009734281},
{"learn":[0.2287316251],"iteration":555,"passed_time":1.261253942,"remaining_time":1.0071884},
{"learn":[0.2287278162],"iteration":556,"passed_time":1.262891192,"remaining_time":1.00441795},
{"learn":[0.2286525979],"iteration":557,"passed_time":1.264675565,"remaining_time":1.0017681},
{"learn":[0.228600843],"iteration":558,"passed_time":1.266525886,"remaining_time":0.9991733735},
{"learn":[0.2285063467],"iteration":559,"passed_time":1.268269369,"remaining_time":0.9964973613},
{"learn":[0.2284574063],"iteration":560,"passed_time":1.270095067,"remaining_time":0.9938890096},
{"learn":[0.228448036],"iteration":561,"passed_time":1.271720283,"remaining_time":0.9911271959},
{"learn":[0.228411787],"iteration":562,"passed_time":1.273525027,"remaining_time":0.9885087684},
{"learn":[0.2283390838],"iteration":563,"passed_time":1.275379948,"remaining_time":0.9859320168},
{"learn":[0.2282135663],"iteration":564,"passed_time":1.277141975,"remaining_time":0.9832862997},
{"learn":[0.228159888],"iteration":565,"passed_time":1.278865811,"remaining_time":0.9806144208},
{"learn":[0.2280542271],"iteration":566,"passed_time":1.280651457,"remaining_time":0.9779930877},
{"learn":[0.2279352035],"iteration":567,"passed_time":1.282387698,"remaining_time":0.9753371228},
{"learn":[0.2278107627],"iteration":568,"passed_time":1.284265804,"remaining_time":0.9727918479},
{"learn":[0.2277161451],"iteration":569,"passed_time":1.286128185,"remaining_time":0.9702370521},
{"learn":[0.2275806739],"iteration":570,"passed_time":1.287988248,"remaining_time":0.9676829395},
{"learn":[0.2275248403],"iteration":571,"passed_time":1.290049765,"remaining_time":0.9652819923},
{"learn":[0.2274945973],"iteration":572,"passed_time":1.292092503,"remaining_time":0.9628682354},
{"learn":[0.2274289275],"iteration":573,"passed_time":1.293893179,"remaining_time":0.9602761222},
{"learn":[0.2273534634],"iteration":574,"passed_time":1.295632394,"remaining_time":0.9576413348},
{"learn":[0.2272682501],"iteration":575,"passed_time":1.297472102,"remaining_time":0.9550836307},
{"learn":[0.2271596024],"iteration":576,"passed_time":1.299334321,"remaining_time":0.952544918},
{"learn":[0.2270874519],"iteration":577,"passed_time":1.301239599,"remaining_time":0.9500399841},
{"learn":[0.2270291071],"iteration":578,"passed_time":1.303112656,"remaining_time":0.9475136928},
{"learn":[0.2270222634],"iteration":579,"passed_time":1.304703729,"remaining_time":0.9447854586},
{"learn":[0.2269410845],"iteration":580,"passed_time":1.30653996,"remaining_time":0.9422379403},
{"learn":[0.2267776909],"iteration":581,"passed_time":1.308312373,"remaining_time":0.9396470304},
{"learn":[0.2267099833],"iteration":582,"passed_time":1.310179832,"remaining_time":0.9371269122},
{"learn":[0.2266644896],"iteration":583,"passed_time":1.312045754,"remaining_time":0.9346079342},
{"learn":[0.2264845449],"iteration":584,"passed_time":1.313969511,"remaining_time":0.9321322172},
{"learn":[0.2264214344],"iteration":585,"passed_time":1.315827688,"remaining_time":0.9296120523},
{"learn":[0.2263901089],"iteration":586,"passed_time":1.317565792,"remaining_time":0.9270096628},
{"learn":[0.2263215082],"iteration":587,"passed_time":1.319311371,"remaining_time":0.9244154505},
{"learn":[0.2262826395],"iteration":588,"passed_time":1.321089102,"remaining_time":0.9218465552},
{"learn":[0.2262342013],"iteration":589,"passed_time":1.32291723,"remaining_time":0.9193153631},
{"learn":[0.2261717841],"iteration":590,"passed_time":1.324801424,"remaining_time":0.9168253507},
{"learn":[0.2261205429],"iteration":591,"passed_time":1.326679683,"remaining_time":0.9143332952},
{"learn":[0.2260642141],"iteration":592,"passed_time":1.328627395,"remaining_time":0.9118909774},
{"learn":[0.2260455677],"iteration":593,"passed_time":1.330250393,"remaining_time":0.9092283828},
{"learn":[0.2259755597],"iteration":594,"passed_time":1.332067371,"remaining_time":0.9067013199},
{"learn":[0.2258879836],"iteration":595,"passed_time":1.333833746,"remaining_time":0.9041423381},
{"learn":[0.2258066821],"iteration":596,"passed_time":1.335664821,"remaining_time":0.9016296865},
{"learn":[0.2256917261],"iteration":597,"passed_time":1.337507016,"remaining_time":0.8991267901},
{"learn":[0.2256138213],"iteration":598,"passed_time":1.339400644,"remaining_time":0.8966605312},
{"learn":[0.2256019761],"iteration":599,"passed_time":1.340918677,"remaining_time":0.893945785},
{"learn":[0.2255369472],"iteration":600,"passed_time":1.34273132,"remaining_time":0.8914306104},
{"learn":[0.2254685828],"iteration":601,"passed_time":1.344573414,"remaining_time":0.8889372407},
{"learn":[0.2254148626],"iteration":602,"passed_time":1.346430829,"remaining_time":0.886456118},
{"learn":[0.2253784203],"iteration":603,"passed_time":1.348168737,"remaining_time":0.8838987087},
{"learn":[0.2253215851],"iteration":604,"passed_time":1.350039826,"remaining_time":0.8814309608},
{"learn":[0.2252274472],"iteration":605,"passed_time":1.351982509,"remaining_time":0.8790117303},
{"learn":[0.2251465352],"iteration":606,"passed_time":1.353865757,"remaining_time":0.8765555892},
{"learn":[0.2251146844],"iteration":607,"passed_time":1.355752983,"remaining_time":0.8741038967},
{"learn":[0.225061392],"iteration":608,"passed_time":1.35775495,"remaining_time":0.8717277264},
{"learn":[0.2249051004],"iteration":609,"passed_time":1.359530133,"remaining_time":0.8692077901},
{"learn":[0.2248715598],"iteration":610,"passed_time":1.361277832,"remaining_time":0.8666727935},
{"learn":[0.2248150952],"iteration":611,"passed_time":1.363146457,"remaining_time":0.8642170351},
{"learn":[0.2247539649],"iteration":612,"passed_time":1.365109423,"remaining_time":0.8618227518},
{"learn":[0.2246607031],"iteration":613,"passed_time":1.366936808,"remaining_time":0.8593446382},
{"learn":[0.2246025088],"iteration":614,"passed_time":1.368791939,"remaining_time":0.8568860105},
{"learn":[0.2245422528],"iteration":615,"passed_time":1.370543137,"remaining_time":0.8543645529},
{"learn":[0.2244436717],"iteration":616,"passed_time":1.372304364,"remaining_time":0.8518518178},
{"learn":[0.2243602236],"iteration":617,"passed_time":1.37409274,"remaining_time":0.8493582956},
{"learn":[0.2242835963],"iteration":618,"passed_time":1.375927084,"remaining_time":0.8468953455},
{"learn":[0.2241739241],"iteration":619,"passed_time":1.377784864,"remaining_time":0.8444487874},
{"learn":[0.2241043317],"iteration":620,"passed_time":1.379715917,"remaining_time":0.8420488446},
{"learn":[0.2240008245],"iteration":621,"passed_time":1.381761955,"remaining_time":0.839720288},
{"learn":[0.2239277036],"iteration":622,"passed_time":1.383549619,"remaining_time":0.8372362865},
{"learn":[0.2238628665],"iteration":623,"passed_time":1.385294704,"remaining_time":0.8347288599},
{"learn":[0.2237729067],"iteration":624,"passed_time":1.387063611,"remaining_time":0.8322381668},
{"learn":[0.2237180013],"iteration":625,"passed_time":1.388878034,"remaining_time":0.8297769727},
{"learn":[0.2236256604],"iteration":626,"passed_time":1.390742333,"remaining_time":0.827347512},
{"learn":[0.2235490348],"iteration":627,"passed_time":1.392622968,"remaining_time":0.8249295287},
{"learn":[0.2235042679],"iteration":628,"passed_time":1.394650225,"remaining_time":0.8225997355},
{"learn":[0.2233869457],"iteration":629,"passed_time":1.396453874,"remaining_time":0.8201395771},
{"learn":[0.2232014533],"iteration":630,"passed_time":1.398215151,"remaining_time":0.8176567207},
{"learn":[0.2231093753],"iteration":631,"passed_time":1.399989149,"remaining_time":0.8151835549},
{"learn":[0.2230479332],"iteration":632,"passed_time":1.401835365,"remaining_time":0.8127544692},
{"learn":[0.2229845089],"iteration":633,"passed_time":1.403657692,"remaining_time":0.810313431},
{"learn":[0.2229387811],"iteration":634,"passed_time":1.405521364,"remaining_time":0.8078981071},
{"learn":[0.2228638531],"iteration":635,"passed_time":1.407391963,"remaining_time":0.8054884819},
{"learn":[0.2228242849],"iteration":636,"passed_time":1.409150439,"remaining_time":0.8030166552},
{"learn":[0.2227761883],"iteration":637,"passed_time":1.410895254,"remaining_time":0.8005393136},
{"learn":[0.2227131841],"iteration":638,"passed_time":1.412634514,"remaining_time":0.7980611263},
{"learn":[0.2226675746],"iteration":639,"passed_time":1.414414143,"remaining_time":0.7956079555},
{"learn":[0.2226204966],"iteration":640,"passed_time":1.416280178,"remaining_time":0.793205279},
{"learn":[0.2225395774],"iteration":641,"passed_time":1.418171509,"remaining_time":0.7908183802},
{"learn":[0.2224255032],"iteration":642,"passed_time":1.420014336,"remaining_time":0.7884060933},
{"learn":[0.2223837766],"iteration":643,"passed_time":1.42180603,"remaining_time":0.7859673085},
{"learn":[0.2223284343],"iteration":644,"passed_time":1.423623176,"remaining_time":0.7835445385},
{"learn":[0.2222514464],"iteration":645,"passed_time":1.42540452,"remaining_time":0.781104025},
{"learn":[0.2221668882],"iteration":646,"passed_time":1.427139388,"remaining_time":0.7786401914},
{"learn":[0.2220885039],"iteration":647,"passed_time":1.429020927,"remaining_time":0.7762582812},
{"learn":[0.2220160003],"iteration":648,"passed_time":1.430892877,"remaining_time":0.7738727268},
{"learn":[0.2219516459],"iteration":649,"passed_time":1.432788675,"remaining_time":0.771501594},
{"learn":[0.2218943437],"iteration":650,"passed_time":1.43463242,"remaining_time":0.7691040163},
{"learn":[0.221845767],"iteration":651,"passed_time":1.436432199,"remaining_time":0.7666846708},
{"learn":[0.2217619863],"iteration":652,"passed_time":1.438165633,"remaining_time":0.7642319673},
{"learn":[0.2216819816],"iteration":653,"passed_time":1.439905475,"remaining_time":0.7617848537},
{"learn":[0.2215438222],"iteration":654,"passed_time":1.441704399,"remaining_time":0.7593710196},
{"learn":[0.2214742908],"iteration":655,"passed_time":1.443565057,"remaining_time":0.7569914321},
{"learn":[0.2213955099],"iteration":656,"passed_time":1.445427554,"remaining_time":0.7546143854},
{"learn":[0.2213849122],"iteration":657,"passed_time":1.447063245,"remaining_time":0.7521210179},
{"learn":[0.2212389113],"iteration":658,"passed_time":1.449012509,"remaining_time":0.749792512},
{"learn":[0.221185517],"iteration":659,"passed_time":1.450744158,"remaining_time":0.7473530512},
{"learn":[0.2211409204],"iteration":660,"passed_time":1.452451696,"remaining_time":0.7449033659},
{"learn":[0.2210589791],"iteration":661,"passed_time":1.454272287,"remaining_time":0.7425136449},
{"learn":[0.2209866435],"iteration":662,"passed_time":1.456154205,"remaining_time":0.7401568128},
{"learn":[0.2209291006],"iteration":663,"passed_time":1.458039119,"remaining_time":0.7378029279},
{"learn":[0.2208500157],"iteration":664,"passed_time":1.45988194,"remaining_time":0.7354292481},
{"learn":[0.2207728939],"iteration":665,"passed_time":1.461777193,"remaining_time":0.7330834572},
{"learn":[0.2206950282],"iteration":666,"passed_time":1.463512437,"remaining_time":0.7306591329},
{"learn":[0.2206179815],"iteration":667,"passed_time":1.465242338,"remaining_time":0.7282342159},
{"learn":[0.2204566371],"iteration":668,"passed_time":1.467000717,"remaining_time":0.7258254667},
{"learn":[0.2203650401],"iteration":669,"passed_time":1.468887611,"remaining_time":0.7234819575},
{"learn":[0.2203359892],"iteration":670,"passed_time":1.471030133,"remaining_time":0.721265147},
{"learn":[0.2202853295],"iteration":671,"passed_time":1.47292335,"remaining_time":0.718926873},
{"learn":[0.2202279718],"iteration":672,"passed_time":1.474729502,"remaining_time":0.7165476184},
{"learn":[0.220166755],"iteration":673,"passed_time":1.476488827,"remaining_time":0.7141474149},
{"learn":[0.2200869829],"iteration":674,"passed_time":1.478267986,"remaining_time":0.7117586602},
{"learn":[0.2200398151],"iteration":675,"passed_time":1.480006371,"remaining_time":0.709352166},
{"learn":[0.219949786],"iteration":676,"passed_time":1.481886748,"remaining_time":0.7070153908},
{"learn":[0.2198883086],"iteration":677,"passed_time":1.483828869,"remaining_time":0.7047092857},
{"learn":[0.2198278292],"iteration":678,"passed_time":1.485812297,"remaining_time":0.7024237811},
{"learn":[0.219702498],"iteration":679,"passed_time":1.487754585,"remaining_time":0.7001198045},
{"learn":[0.2196287151],"iteration":680,"passed_time":1.489572299,"remaining_time":0.6977585368},
{"learn":[0.2195732866],"iteration":681,"passed_time":1.491368348,"remaining_time":0.6953887604},
{"learn":[0.2195049363],"iteration":682,"passed_time":1.493148571,"remaining_time":0.6930133192},
{"learn":[0.219426056],"iteration":683,"passed_time":1.49505202,"remaining_time":0.6906965472},
{"learn":[0.2193379257],"iteration":684,"passed_time":1.497065248,"remaining_time":0.6884314642},
{"learn":[0.2192562578],"iteration":685,"passed_time":1.498948151,"remaining_time":0.6861074629},
{"learn":[0.2192220126],"iteration":686,"passed_time":1.500766571,"remaining_time":0.6837553666},
{"learn":[0.2191626523],"iteration":687,"passed_time":1.502482964,"remaining_time":0.6813585533},
{"learn":[0.2191025368],"iteration":688,"passed_time":1.504218491,"remaining_time":0.6789723522},
{"learn":[0.2189638945],"iteration":689,"passed_time":1.505963664,"remaining_time":0.6765923708},
{"learn":[0.218893211],"iteration":690,"passed_time":1.507751654,"remaining_time":0.6742333733},
{"learn":[0.2188380084],"iteration":691,"passed_time":1.509623794,"remaining_time":0.6719134805},
{"learn":[0.2187739483],"iteration":692,"passed_time":1.511483107,"remaining_time":0.6695891975},
{"learn":[0.2187049258],"iteration":693,"passed_time":1.513341333,"remaining_time":0.6672657749},
{"learn":[0.2186376206],"iteration":694,"passed_time":1.515107396,"remaining_time":0.6649032459},
{"learn":[0.2185317966],"iteration":695,"passed_time":1.516854055,"remaining_time":0.6625339552},
{"learn":[0.2184563528],"iteration":696,"passed_time":1.518608413,"remaining_time":0.6601697978},
{"learn":[0.2184233896],"iteration":697,"passed_time":1.520397115,"remaining_time":0.6578222474},
{"learn":[0.2183522591],"iteration":698,"passed_time":1.522278461,"remaining_time":0.6555161899},
{"learn":[0.2183017574],"iteration":699,"passed_time":1.524158201,"remaining_time":0.6532106575},
{"learn":[0.2182302996],"iteration":700,"passed_time":1.526037911,"remaining_time":0.6509063274},
{"learn":[0.2181655718],"iteration":701,"passed_time":1.527830009,"remaining_time":0.6485660154},
{"learn":[0.2181221404],"iteration":702,"passed_time":1.529866947,"remaining_time":0.6463307017},
{"learn":[0.2180575045],"iteration":703,"passed_time":1.531948359,"remaining_time":0.6441146508},
{"learn":[0.2179985309],"iteration":704,"passed_time":1.533949211,"remaining_time":0.6418652727},
{"learn":[0.2179420382],"iteration":705,"passed_time":1.535812321,"remaining_time":0.6395592386},
{"learn":[0.2178835503],"iteration":706,"passed_time":1.537649644,"remaining_time":0.6372437705},
{"learn":[0.2178119271],"iteration":707,"passed_time":1.539491683,"remaining_time":0.6349315982},
{"learn":[0.2177575094],"iteration":708,"passed_time":1.541251515,"remaining_time":0.632587011},
{"learn":[0.2177102092],"iteration":709,"passed_time":1.54305275,"remaining_time":0.6302609825},
{"learn":[0.2176430625],"iteration":710,"passed_time":1.545050162,"remaining_time":0.6280161701},
{"learn":[0.2175982857],"iteration":711,"passed_time":1.54688607,"remaining_time":0.6257067247},
{"learn":[0.2175131013],"iteration":712,"passed_time":1.548715863,"remaining_time":0.6233961467},
{"learn":[0.2174712244],"iteration":713,"passed_time":1.550561995,"remaining_time":0.6210934602},
{"learn":[0.2174336992],"iteration":714,"passed_time":1.55246788,"remaining_time":0.6188158682},
{"learn":[0.2173813862],"iteration":715,"passed_time":1.554308473,"remaining_time":0.6165134166},
{"learn":[0.2173425658],"iteration":716,"passed_time":1.556037112,"remaining_time":0.6141680651},
{"learn":[0.2173037509],"iteration":717,"passed_time":1.557891941,"remaining_time":0.6118739937},
{"learn":[0.2172331129],"iteration":718,"passed_time":1.559714591,"remaining_time":0.6095685676},
{"learn":[0.2171795866],"iteration":719,"passed_time":1.561608613,"remaining_time":0.6072922386},
{"learn":[0.2171166058],"iteration":720,"passed_time":1.563491119,"remaining_time":0.6050125134},
{"learn":[0.2170757921],"iteration":721,"passed_time":1.565391672,"remaining_time":0.6027408376},
{"learn":[0.2170146177],"iteration":722,"passed_time":1.567149008,"remaining_time":0.6004153185},
{"learn":[0.2169162605],"iteration":723,"passed_time":1.568922394,"remaining_time":0.5980974874},
{"learn":[0.2168207395],"iteration":724,"passed_time":1.570701885,"remaining_time":0.5957834737},
{"learn":[0.2167761521],"iteration":725,"passed_time":1.57245771,"remaining_time":0.5934620009},
{"learn":[0.2167001563],"iteration":726,"passed_time":1.574290366,"remaining_time":0.5911709354},
{"learn":[0.216632073],"iteration":727,"passed_time":1.576128759,"remaining_time":0.5888832726},
{"learn":[0.2165937892],"iteration":728,"passed_time":1.577990144,"remaining_time":0.5866053895},
{"learn":[0.2165550087],"iteration":729,"passed_time":1.579775381,"remaining_time":0.5843004834},
{"learn":[0.2164835764],"iteration":730,"passed_time":1.581503872,"remaining_time":0.5819761169},
{"learn":[0.2163800294],"iteration":731,"passed_time":1.583257431,"remaining_time":0.5796625567},
{"learn":[0.2163107529],"iteration":732,"passed_time":1.584986727,"remaining_time":0.5773416864},
{"learn":[0.2162546546],"iteration":733,"passed_time":1.586834449,"remaining_time":0.5750653454},
{"learn":[0.2161669424],"iteration":734,"passed_time":1.588681768,"remaining_time":0.572790025},
{"learn":[0.2160998621],"iteration":735,"passed_time":1.590508392,"remaining_time":0.570508445},
{"learn":[0.2160701123],"iteration":736,"passed_time":1.592382681,"remaining_time":0.5682451085},
{"learn":[0.2160194755],"iteration":737,"passed_time":1.594099643,"remaining_time":0.5659269734},
{"learn":[0.2159708775],"iteration":738,"passed_time":1.595837613,"remaining_time":0.5636178848},
{"learn":[0.2158801321],"iteration":739,"passed_time":1.597587008,"remaining_time":0.5613143541},
{"learn":[0.2158115044],"iteration":740,"passed_time":1.599360048,"remaining_time":0.5590205834},
{"learn":[0.2157544858],"iteration":741,"passed_time":1.601249696,"remaining_time":0.5567687621},
{"learn":[0.2156666401],"iteration":742,"passed_time":1.60357154,"remaining_time":0.5546674102},
{"learn":[0.2156251346],"iteration":743,"passed_time":1.605473105,"remaining_time":0.5524208535},
{"learn":[0.2155694452],"iteration":744,"passed_time":1.607247828,"remaining_time":0.5501318069},
{"learn":[0.2155335751],"iteration":745,"passed_time":1.608998692,"remaining_time":0.5478360158},
{"learn":[0.2154527319],"iteration":746,"passed_time":1.610801798,"remaining_time":0.5455593773},
{"learn":[0.2153979584],"iteration":747,"passed_time":1.612613269,"remaining_time":0.5432868233},
{"learn":[0.2153360944],"iteration":748,"passed_time":1.614486665,"remaining_time":0.5410362523},
{"learn":[0.2152914117],"iteration":749,"passed_time":1.616297581,"remaining_time":0.5387658603},
{"learn":[0.2152379099],"iteration":750,"passed_time":1.618142587,"remaining_time":0.5365079949},
{"learn":[0.2151545307],"iteration":751,"passed_time":1.61992191,"remaining_time":0.5342295661},
{"learn":[0.2151101208],"iteration":752,"passed_time":1.621644202,"remaining_time":0.5319337557},
{"learn":[0.2150513725],"iteration":753,"passed_time":1.623387085,"remaining_time":0.5296461843},
{"learn":[0.2150074833],"iteration":754,"passed_time":1.625149727,"remaining_time":0.5273664676},
{"learn":[0.2149431557],"iteration":755,"passed_time":1.627108331,"remaining_time":0.5251513662},
{"learn":[0.2148911098],"iteration":756,"passed_time":1.628930917,"remaining_time":0.5228932797},
{"learn":[0.2148549102],"iteration":757,"passed_time":1.630911995,"remaining_time":0.5206869431},
{"learn":[0.2147190678],"iteration":758,"passed_time":1.632960226,"remaining_time":0.5185025224},
{"learn":[0.2146683732],"iteration":759,"passed_time":1.634745599,"remaining_time":0.5162354522},
{"learn":[0.214622265],"iteration":760,"passed_time":1.636536619,"remaining_time":0.5139714216},
{"learn":[0.2145412047],"iteration":761,"passed_time":1.638307487,"remaining_time":0.5117023386},
{"learn":[0.2144660472],"iteration":762,"passed_time":1.640213216,"remaining_time":0.5094764512},
{"learn":[0.2144240872],"iteration":763,"passed_time":1.642360098,"remaining_time":0.5073258941},
{"learn":[0.2143619275],"iteration":764,"passed_time":1.644225136,"remaining_time":0.5050887673},
{"learn":[0.2143268647],"iteration":765,"passed_time":1.645984579,"remaining_time":0.5028203545},
{"learn":[0.214282313],"iteration":766,"passed_time":1.647713207,"remaining_time":0.5005439078},
{"learn":[0.2142504163],"iteration":767,"passed_time":1.649454111,"remaining_time":0.498272596},
{"learn":[0.2141788604],"iteration":768,"passed_time":1.651216956,"remaining_time":0.4960092546},
{"learn":[0.2141507725],"iteration":769,"passed_time":1.65304922,"remaining_time":0.4937679489},
{"learn":[0.2141048797],"iteration":770,"passed_time":1.654945554,"remaining_time":0.4915467339},
{"learn":[0.2140262863],"iteration":771,"passed_time":1.656837044,"remaining_time":0.48932493},
{"learn":[0.2139773857],"iteration":772,"passed_time":1.658690294,"remaining_time":0.4870927513},
{"learn":[0.213935012],"iteration":773,"passed_time":1.660436002,"remaining_time":0.4848301504},
{"learn":[0.213903515],"iteration":774,"passed_time":1.662150285,"remaining_time":0.4825597601},
{"learn":[0.2138414395],"iteration":775,"passed_time":1.663888874,"remaining_time":0.4802978192},
{"learn":[0.2137940128],"iteration":776,"passed_time":1.665714459,"remaining_time":0.4780621935},
{"learn":[0.213753455],"iteration":777,"passed_time":1.667589064,"remaining_time":0.4758416097},
{"learn":[0.2136944932],"iteration":778,"passed_time":1.66946985,"remaining_time":0.4736236674},
{"learn":[0.2136196437],"iteration":779,"passed_time":1.671717292,"remaining_time":0.4715100055},
{"learn":[0.2135468523],"iteration":780,"passed_time":1.67353237,"remaining_time":0.469274762},
{"learn":[0.2134917828],"iteration":781,"passed_time":1.675262983,"remaining_time":0.4670170463},
{"learn":[0.213421384],"iteration":782,"passed_time":1.677029009,"remaining_time":0.4647704917},
{"learn":[0.2133751525],"iteration":783,"passed_time":1.678892453,"remaining_time":0.4625520023},
{"learn":[0.2133313913],"iteration":784,"passed_time":1.680730493,"remaining_time":0.4603274599},
{"learn":[0.2132716535],"iteration":785,"passed_time":1.682609494,"remaining_time":0.4581150531},
{"learn":[0.2132291371],"iteration":786,"passed_time":1.684485964,"remaining_time":0.4559028085},
{"learn":[0.213192418],"iteration":787,"passed_time":1.686277398,"remaining_time":0.4536685384},
{"learn":[0.2131510508],"iteration":788,"passed_time":1.68798567,"remaining_time":0.4514131512},
{"learn":[0.2131057557],"iteration":789,"passed_time":1.689895638,"remaining_time":0.4492127646},
{"learn":[0.2130614587],"iteration":790,"passed_time":1.69172591,"remaining_time":0.4469920547},
{"learn":[0.2130290154],"iteration":791,"passed_time":1.693599519,"remaining_time":0.4447837122},
{"learn":[0.2129882935],"iteration":792,"passed_time":1.695452191,"remaining_time":0.4425707484},
{"learn":[0.2129159977],"iteration":793,"passed_time":1.697378018,"remaining_time":0.4403776721},
{"learn":[0.2128727449],"iteration":794,"passed_time":1.69914584,"remaining_time":0.4381445247},
{"learn":[0.2128162691],"iteration":795,"passed_time":1.701341258,"remaining_time":0.4360221313},
{"learn":[0.21277835],"iteration":796,"passed_time":1.703106497,"remaining_time":0.433789986},
{"learn":[0.2127142289],"iteration":797,"passed_time":1.704908861,"remaining_time":0.4315684084},
{"learn":[0.2126773902],"iteration":798,"passed_time":1.706763691,"remaining_time":0.4293610786},
{"learn":[0.2126378821],"iteration":799,"passed_time":1.708609303,"remaining_time":0.4271523259},
{"learn":[0.2125784938],"iteration":800,"passed_time":1.710496011,"remaining_time":0.4249546894},
{"learn":[0.2125375881],"iteration":801,"passed_time":1.712274638,"remaining_time":0.4227311451},
{"learn":[0.2124691884],"iteration":802,"passed_time":1.714102869,"remaining_time":0.4205208782},
{"learn":[0.2124272587],"iteration":803,"passed_time":1.716101091,"remaining_time":0.4183530023},
{"learn":[0.2123872126],"iteration":804,"passed_time":1.71806107,"remaining_time":0.4161762841},
{"learn":[0.2123205177],"iteration":805,"passed_time":1.719992019,"remaining_time":0.4139931163},
{"learn":[0.2122812523],"iteration":806,"passed_time":1.721879642,"remaining_time":0.4118002118},
{"learn":[0.2122431443],"iteration":807,"passed_time":1.72379655,"remaining_time":0.4096150218},
{"learn":[0.2122098803],"iteration":808,"passed_time":1.725602101,"remaining_time":0.4074042044},
{"learn":[0.2121735893],"iteration":809,"passed_time":1.727418708,"remaining_time":0.4051969809},
{"learn":[0.2121380355],"iteration":810,"passed_time":1.729354803,"remaining_time":0.4030185669},
{"learn":[0.212107782],"iteration":811,"passed_time":1.731318218,"remaining_time":0.400847075},
{"learn":[0.2120696931],"iteration":812,"passed_time":1.733537138,"remaining_time":0.3987348644},
{"learn":[0.2120402918],"iteration":813,"passed_time":1.735449486,"remaining_time":0.3965523396},
{"learn":[0.211970532],"iteration":814,"passed_time":1.737313916,"remaining_time":0.3943596005},
{"learn":[0.211918941],"iteration":815,"passed_time":1.739026876,"remaining_time":0.3921335113},
{"learn":[0.2118816171],"iteration":816,"passed_time":1.740808492,"remaining_time":0.3899240565},
{"learn":[0.2118445835],"iteration":817,"passed_time":1.742530448,"remaining_time":0.3877023735},
{"learn":[0.2117894972],"iteration":818,"passed_time":1.744301065,"remaining_time":0.3854926651},
{"learn":[0.2117243965],"iteration":819,"passed_time":1.746746032,"remaining_time":0.3834320557},
{"learn":[0.2116857982],"iteration":820,"passed_time":1.748482799,"remaining_time":0.3812161035},
{"learn":[0.2116322139],"iteration":821,"passed_time":1.750203832,"remaining_time":0.3789979102},
{"learn":[0.2115970585],"iteration":822,"passed_time":1.751915492,"remaining_time":0.3767789091},
{"learn":[0.2115418172],"iteration":823,"passed_time":1.753664873,"remaining_time":0.3745691961},
{"learn":[0.2114822133],"iteration":824,"passed_time":1.755367023,"remaining_time":0.3723505806},
{"learn":[0.2114408815],"iteration":825,"passed_time":1.757129671,"remaining_time":0.3701459598},
{"learn":[0.2114128041],"iteration":826,"passed_time":1.758862224,"remaining_time":0.3679361121},
{"learn":[0.2113817975],"iteration":827,"passed_time":1.760556149,"remaining_time":0.3657193932},
{"learn":[0.2113447442],"iteration":828,"passed_time":1.762320135,"remaining_time":0.3635183873},
{"learn":[0.2113134468],"iteration":829,"passed_time":1.764042036,"remaining_time":0.3613098145},
{"learn":[0.2112611569],"iteration":830,"passed_time":1.765795209,"remaining_time":0.3591087729},
{"learn":[0.2112424419],"iteration":831,"passed_time":1.767548518,"remaining_time":0.3569088353},
{"learn":[0.2111991723],"iteration":832,"passed_time":1.769289225,"remaining_time":0.3547074436},
{"learn":[0.2111576157],"iteration":833,"passed_time":1.771017905,"remaining_time":0.3525047629},
{"learn":[0.2110944043],"iteration":834,"passed_time":1.772760445,"remaining_time":0.3503059561},
{"learn":[0.2110634621],"iteration":835,"passed_time":1.774521728,"remaining_time":0.3481119179},
{"learn":[0.2110297946],"iteration":836,"passed_time":1.776554471,"remaining_time":0.3459717788},
{"learn":[0.2109970359],"iteration":837,"passed_time":1.778355795,"remaining_time":0.3437871585},
{"learn":[0.2109614699],"iteration":838,"passed_time":1.780110068,"remaining_time":0.3415944231},
{"learn":[0.2109309988],"iteration":839,"passed_time":1.781834015,"remaining_time":0.3393969552},
{"learn":[0.210878721],"iteration":840,"passed_time":1.783640136,"remaining_time":0.3372161494},
{"learn":[0.2108464076],"iteration":841,"passed_time":1.785443266,"remaining_time":0.3350356723},
{"learn":[0.210795635],"iteration":842,"passed_time":1.787311671,"remaining_time":0.3328682472},
{"learn":[0.2107443568],"iteration":843,"passed_time":1.789166341,"remaining_time":0.330698992},
{"learn":[0.2107099881],"iteration":844,"passed_time":1.791095203,"remaining_time":0.3285440905},
{"learn":[0.2106480029],"iteration":845,"passed_time":1.792860149,"remaining_time":0.3263598853},
{"learn":[0.2106088201],"iteration":846,"passed_time":1.794629172,"remaining_time":0.3241774065},
{"learn":[0.2105750662],"iteration":847,"passed_time":1.796405029,"remaining_time":0.3219971279},
{"learn":[0.2105343181],"iteration":848,"passed_time":1.798257475,"remaining_time":0.3198314237},
{"learn":[0.2104953557],"iteration":849,"passed_time":1.800104075,"remaining_time":0.317665425},
{"learn":[0.2104286365],"iteration":850,"passed_time":1.801985152,"remaining_time":0.3155062135},
{"learn":[0.2103953899],"iteration":851,"passed_time":1.803784835,"remaining_time":0.3133335159},
{"learn":[0.2103390981],"iteration":852,"passed_time":1.805770135,"remaining_time":0.3111936809},
{"learn":[0.2102113782],"iteration":853,"passed_time":1.807549983,"remaining_time":0.3090190837},
{"learn":[0.210146856],"iteration":854,"passed_time":1.809320305,"remaining_time":0.3068437943},
{"learn":[0.2101147003],"iteration":855,"passed_time":1.811135718,"remaining_time":0.3046770366},
{"learn":[0.2100822056],"iteration":856,"passed_time":1.812948508,"remaining_time":0.3025106613},
{"learn":[0.2100221217],"iteration":857,"passed_time":1.814773273,"remaining_time":0.3003470918},
{"learn":[0.2099865112],"iteration":858,"passed_time":1.816650635,"remaining_time":0.2981929447},
{"learn":[0.2099537185],"iteration":859,"passed_time":1.81840087,"remaining_time":0.2960187463},
{"learn":[0.2098993674],"iteration":860,"passed_time":1.820270256,"remaining_time":0.2938647685},
{"learn":[0.2098617461],"iteration":861,"passed_time":1.822087791,"remaining_time":0.2917031499},
{"learn":[0.2097971726],"iteration":862,"passed_time":1.823887522,"remaining_time":0.2895395024},
{"learn":[0.2097490725],"iteration":863,"passed_time":1.825750212,"remaining_time":0.2873866075},
{"learn":[0.2096860176],"iteration":864,"passed_time":1.827653094,"remaining_time":0.2852406563},
{"learn":[0.2096546712],"iteration":865,"passed_time":1.829516783,"remaining_time":0.283089202},
{"learn":[0.209613138],"iteration":866,"passed_time":1.831310267,"remaining_time":0.2809276419},
{"learn":[0.2095545458],"iteration":867,"passed_time":1.833028305,"remaining_time":0.2787554565},
{"learn":[0.2095236702],"iteration":868,"passed_time":1.834804002,"remaining_time":0.2765930083},
{"learn":[0.2094926332],"iteration":869,"passed_time":1.836627207,"remaining_time":0.2744385482},
{"learn":[0.2094597151],"iteration":870,"passed_time":1.838523959,"remaining_time":0.2722957413},
{"learn":[0.2094064483],"iteration":871,"passed_time":1.840344441,"remaining_time":0.2701423033},
{"learn":[0.209375198],"iteration":872,"passed_time":1.842198482,"remaining_time":0.26799451},
{"learn":[0.2093445003],"iteration":873,"passed_time":1.843953834,"remaining_time":0.2658331614},
{"learn":[0.2092871801],"iteration":874,"passed_time":1.845678568,"remaining_time":0.2636683669},
{"learn":[0.2092555631],"iteration":875,"passed_time":1.847389989,"remaining_time":0.2615026925},
{"learn":[0.2092285784],"iteration":876,"passed_time":1.849128126,"remaining_time":0.2593418011},
{"learn":[0.2091067296],"iteration":877,"passed_time":1.850933119,"remaining_time":0.2571911624},
{"learn":[0.2090691786],"iteration":878,"passed_time":1.852755594,"remaining_time":0.2550437166},
{"learn":[0.2090392921],"iteration":879,"passed_time":1.854578164,"remaining_time":0.2528970223},
{"learn":[0.209011],"iteration":880,"passed_time":1.856417728,"remaining_time":0.2507533594},
{"learn":[0.208893334],"iteration":881,"passed_time":1.858113295,"remaining_time":0.2485911211},
{"learn":[0.2088570747],"iteration":882,"passed_time":1.859827462,"remaining_time":0.2464324044},
{"learn":[0.2088405928],"iteration":883,"passed_time":1.86154301,"remaining_time":0.2442748746},
{"learn":[0.2088135733],"iteration":884,"passed_time":1.863368705,"remaining_time":0.2421326566},
{"learn":[0.2087598344],"iteration":885,"passed_time":1.86523776,"remaining_time":0.239996732},
{"learn":[0.2087090098],"iteration":886,"passed_time":1.867088298,"remaining_time":0.2378590504},
{"learn":[0.2086825579],"iteration":887,"passed_time":1.86894688,"remaining_time":0.2357230299},
{"learn":[0.2086474376],"iteration":888,"passed_time":1.870695329,"remaining_time":0.2335738824},
{"learn":[0.2086108336],"iteration":889,"passed_time":1.872463806,"remaining_time":0.2314281108},
{"learn":[0.2085734335],"iteration":890,"passed_time":1.874193336,"remaining_time":0.2292784215},
{"learn":[0.2085420914],"iteration":891,"passed_time":1.875945437,"remaining_time":0.2271324071},
{"learn":[0.208512997],"iteration":892,"passed_time":1.877807017,"remaining_time":0.2250003929},
{"learn":[0.2084829748],"iteration":893,"passed_time":1.879689322,"remaining_time":0.2228714409},
{"learn":[0.2084468984],"iteration":894,"passed_time":1.88157033,"remaining_time":0.2207428879},
{"learn":[0.2084113998],"iteration":895,"passed_time":1.883336783,"remaining_time":0.2186015909},
{"learn":[0.2083832597],"iteration":896,"passed_time":1.885073363,"remaining_time":0.2164576995},
{"learn":[0.2083543425],"iteration":897,"passed_time":1.886812493,"remaining_time":0.2143150047},
{"learn":[0.2083165203],"iteration":898,"passed_time":1.88854724,"remaining_time":0.2121727155},
{"learn":[0.2082793768],"iteration":899,"passed_time":1.890373054,"remaining_time":0.2100414504},
{"learn":[0.2082541717],"iteration":900,"passed_time":1.892226566,"remaining_time":0.2079139068},
{"learn":[0.2082045567],"iteration":901,"passed_time":1.894089933,"remaining_time":0.2057880415},
{"learn":[0.2081899488],"iteration":902,"passed_time":1.895956106,"remaining_time":0.203663059},
{"learn":[0.2081479326],"iteration":903,"passed_time":1.897655685,"remaining_time":0.2015209577},
{"learn":[0.2081129129],"iteration":904,"passed_time":1.89940042,"remaining_time":0.1993845745},
{"learn":[0.2080845458],"iteration":905,"passed_time":1.901131364,"remaining_time":0.197247625},
{"learn":[0.2080550894],"iteration":906,"passed_time":1.902898726,"remaining_time":0.1951153048},
{"learn":[0.2080293149],"iteration":907,"passed_time":1.904733903,"remaining_time":0.1929906598},
{"learn":[0.2080040008],"iteration":908,"passed_time":1.906536134,"remaining_time":0.1908633534},
{"learn":[0.2079714772],"iteration":909,"passed_time":1.908506076,"remaining_time":0.1887533482},
{"learn":[0.2079437552],"iteration":910,"passed_time":1.913028794,"remaining_time":0.1868930435},
{"learn":[0.2079135546],"iteration":911,"passed_time":1.91674669,"remaining_time":0.184949242},
{"learn":[0.207801201],"iteration":912,"passed_time":1.920165434,"remaining_time":0.182973048},
{"learn":[0.2077692328],"iteration":913,"passed_time":1.923654157,"remaining_time":0.1810002817},
{"learn":[0.2077550543],"iteration":914,"passed_time":1.92670826,"remaining_time":0.1789838275},
{"learn":[0.2076464693],"iteration":915,"passed_time":1.929423574,"remaining_time":0.1769340395},
{"learn":[0.20761246],"iteration":916,"passed_time":1.931694715,"remaining_time":0.1748425969},
{"learn":[0.207565978],"iteration":917,"passed_time":1.933899305,"remaining_time":0.1727448181},
{"learn":[0.207533653],"iteration":918,"passed_time":1.936082337,"remaining_time":0.1706449068},
{"learn":[0.207478621],"iteration":919,"passed_time":1.937975772,"remaining_time":0.1685196324},
{"learn":[0.2074435965],"iteration":920,"passed_time":1.939863488,"remaining_time":0.1663943709},
{"learn":[0.2074028335],"iteration":921,"passed_time":1.941696066,"remaining_time":0.16426496},
{"learn":[0.2073587563],"iteration":922,"passed_time":1.943690241,"remaining_time":0.1621496734},
{"learn":[0.207327279],"iteration":923,"passed_time":1.945617442,"remaining_time":0.1600291403},
{"learn":[0.2072679704],"iteration":924,"passed_time":1.947491284,"remaining_time":0.1579046987},
{"learn":[0.2072338827],"iteration":925,"passed_time":1.949524716,"remaining_time":0.1557935518},
{"learn":[0.2072060284],"iteration":926,"passed_time":1.951582292,"remaining_time":0.1536844739},
{"learn":[0.2071924035],"iteration":927,"passed_time":1.953442864,"remaining_time":0.1515602222},
{"learn":[0.2070879891],"iteration":928,"passed_time":1.955237127,"remaining_time":0.1494314704},
{"learn":[0.2070428839],"iteration":929,"passed_time":1.957055598,"remaining_time":0.1473052601},
{"learn":[0.2069419439],"iteration":930,"passed_time":1.958941076,"remaining_time":0.1451846769},
{"learn":[0.2069149843],"iteration":931,"passed_time":1.960786515,"remaining_time":0.1430616771},
{"learn":[0.2068723049],"iteration":932,"passed_time":1.962608448,"remaining_time":0.1409375842},
{"learn":[0.2068432176],"iteration":933,"passed_time":1.964483959,"remaining_time":0.1388179243},
{"learn":[0.2068160861],"iteration":934,"passed_time":1.966252474,"remaining_time":0.1366913484},
{"learn":[0.2067828703],"iteration":935,"passed_time":1.968075751,"remaining_time":0.1345692821},
{"learn":[0.2067566347],"iteration":936,"passed_time":1.969894071,"remaining_time":0.1324475203},
{"learn":[0.2067298226],"iteration":937,"passed_time":1.971720384,"remaining_time":0.1303269337},
{"learn":[0.2066860113],"iteration":938,"passed_time":1.973517369,"remaining_time":0.1282050687},
{"learn":[0.2066536093],"iteration":939,"passed_time":1.97533004,"remaining_time":0.1260848962},
{"learn":[0.2066262254],"iteration":940,"passed_time":1.977170641,"remaining_time":0.1239671284},
{"learn":[0.2065984716],"iteration":941,"passed_time":1.97896875,"remaining_time":0.1218473328},
{"learn":[0.2065725255],"iteration":942,"passed_time":1.980750089,"remaining_time":0.1197272058},
{"learn":[0.2065428291],"iteration":943,"passed_time":1.98258753,"remaining_time":0.1176111246},
{"learn":[0.2064748315],"iteration":944,"passed_time":1.984392397,"remaining_time":0.1154937374},
{"learn":[0.2064417407],"iteration":945,"passed_time":1.986196145,"remaining_time":0.113376947},
{"learn":[0.2064095255],"iteration":946,"passed_time":1.988039737,"remaining_time":0.1112630476},
{"learn":[0.2063964654],"iteration":947,"passed_time":1.98983501,"remaining_time":0.109147068},
{"learn":[0.2063716685],"iteration":948,"passed_time":1.991607232,"remaining_time":0.1070305256},
{"learn":[0.2063285215],"iteration":949,"passed_time":1.99341716,"remaining_time":0.1049166927},
{"learn":[0.2063159687],"iteration":950,"passed_time":1.995164513,"remaining_time":0.1028002746},
{"learn":[0.206253078],"iteration":951,"passed_time":1.996952226,"remaining_time":0.1006866669},
{"learn":[0.2061554089],"iteration":952,"passed_time":1.998748554,"remaining_time":0.09857416793},
{"learn":[0.206061063],"iteration":953,"passed_time":2.000530418,"remaining_time":0.09646163442},
{"learn":[0.2060185225],"iteration":954,"passed_time":2.002302864,"remaining_time":0.0943493496},
{"learn":[0.2059612061],"iteration":955,"passed_time":2.00421399,"remaining_time":0.09224415853},
{"learn":[0.205869917],"iteration":956,"passed_time":2.006351988,"remaining_time":0.09014956688},
{"learn":[0.205845061],"iteration":957,"passed_time":2.008325754,"remaining_time":0.08804768443},
{"learn":[0.2058040125],"iteration":958,"passed_time":2.010156646,"remaining_time":0.08593996086},
{"learn":[0.2057895315],"iteration":959,"passed_time":2.0119601,"remaining_time":0.08383167082},
{"learn":[0.2057482961],"iteration":960,"passed_time":2.013738974,"remaining_time":0.08172301768},
{"learn":[0.2057247164],"iteration":961,"passed_time":2.015538675,"remaining_time":0.07961587281},
{"learn":[0.2056653793],"iteration":962,"passed_time":2.01735972,"remaining_time":0.07751018655},
{"learn":[0.2056250384],"iteration":963,"passed_time":2.019166733,"remaining_time":0.0754045668},
{"learn":[0.2056000979],"iteration":964,"passed_time":2.020985247,"remaining_time":0.07329998305},
{"learn":[0.2055604391],"iteration":965,"passed_time":2.02277645,"remaining_time":0.07119503032},
{"learn":[0.2055183488],"iteration":966,"passed_time":2.024536423,"remaining_time":0.06908966077},
{"learn":[0.2054870132],"iteration":967,"passed_time":2.026316872,"remaining_time":0.06698568173},
{"learn":[0.2054257664],"iteration":968,"passed_time":2.028136528,"remaining_time":0.06488362475},
{"learn":[0.2054018939],"iteration":969,"passed_time":2.029909776,"remaining_time":0.06278071473},
{"learn":[0.2053610222],"iteration":970,"passed_time":2.031724759,"remaining_time":0.06067973017},
{"learn":[0.2053488988],"iteration":971,"passed_time":2.033666311,"remaining_time":0.05858298017},
{"learn":[0.2053221357],"iteration":972,"passed_time":2.035808486,"remaining_time":0.05649211626},
{"learn":[0.2052689452],"iteration":973,"passed_time":2.037609771,"remaining_time":0.05439204728},
{"learn":[0.2051807662],"iteration":974,"passed_time":2.039447452,"remaining_time":0.0522935244},
{"learn":[0.2051556868],"iteration":975,"passed_time":2.041264801,"remaining_time":0.0501950361},
{"learn":[0.2051298191],"iteration":976,"passed_time":2.043043677,"remaining_time":0.04809621757},
{"learn":[0.205044006],"iteration":977,"passed_time":2.044846327,"remaining_time":0.04599858814},
{"learn":[0.205021215],"iteration":978,"passed_time":2.046686939,"remaining_time":0.04390237561},
{"learn":[0.2049987445],"iteration":979,"passed_time":2.048632124,"remaining_time":0.04180881885},
{"learn":[0.2049584644],"iteration":980,"passed_time":2.050450818,"remaining_time":0.03971311472},
{"learn":[0.2049364914],"iteration":981,"passed_time":2.052237672,"remaining_time":0.03761739113},
{"learn":[0.2049151158],"iteration":982,"passed_time":2.054006902,"remaining_time":0.03552199119},
{"learn":[0.2048879424],"iteration":983,"passed_time":2.055760904,"remaining_time":0.03342700656},
{"learn":[0.2048636679],"iteration":984,"passed_time":2.057511718,"remaining_time":0.03133266575},
{"learn":[0.2048240174],"iteration":985,"passed_time":2.059337033,"remaining_time":0.02924007958},
{"learn":[0.2047725325],"iteration":986,"passed_time":2.061102085,"remaining_time":0.02714724124},
{"learn":[0.2047473703],"iteration":987,"passed_time":2.063078401,"remaining_time":0.0250576324},
{"learn":[0.2047208907],"iteration":988,"passed_time":2.064879956,"remaining_time":0.02296630891},
{"learn":[0.2046913276],"iteration":989,"passed_time":2.066719568,"remaining_time":0.02087595524},
{"learn":[0.2046669028],"iteration":990,"passed_time":2.068517467,"remaining_time":0.01878572876},
{"learn":[0.2046375555],"iteration":991,"passed_time":2.070310812,"remaining_time":0.01669605494},
{"learn":[0.2045990735],"iteration":992,"passed_time":2.072133243,"remaining_time":0.01460718298},
{"learn":[0.204514921],"iteration":993,"passed_time":2.073952295,"remaining_time":0.01251882673},
{"learn":[0.2044906712],"iteration":994,"passed_time":2.075763605,"remaining_time":0.01043097289},
{"learn":[0.2044522316],"iteration":995,"passed_time":2.077556836,"remaining_time":0.00834360175},
{"learn":[0.2044410908],"iteration":996,"passed_time":2.079504496,"remaining_time":0.006257285343},
{"learn":[0.2044174219],"iteration":997,"passed_time":2.081371025,"remaining_time":0.004171084219},
{"learn":[0.2043915814],"iteration":998,"passed_time":2.083182074,"remaining_time":0.002085267342},
{"learn":[0.2043134458],"iteration":999,"passed_time":2.085011726,"remaining_time":0}
]}